Ticker,Book Value,EVToEBITDA,PToBV,MarketCap,PToSales,Close
3IINFOTECH.NS,46.694,-78.63,1.8096544,1383,2.1588688,8.45
3MINDIA.NS,1695.799,81.558,14.881422,28428,9.468199,25156.85
3RDROCK.NS,10.467,82.662,6.1717777,145,3.719899,64.6
A2ZINFRA.NS,19.175,-7.058,0.22425035,76,0.18361244,4.3
AARTIDRUGS.NS,98.006,15.844,6.4006286,5848,2.6705413,616.65
AARTIIND.NS,100.523,31.52,9.212319,33569,6.871247,953.75
AARVEEDEN.NS,71.455,3250.807,0.2610034,44,0.12339893,19.3
ABAN.NS,-2882.563,-36.389,22222,250,0.25956732,44.95
ABB.NS,175.552,80.271,10.499453,39111,6.142765,1908.05
ABBOTINDIA.NS,1224.586,45.12,16.724508,43544,9.755538,21004.1
ABFRL.NS,21.177,39.938,10.015583,19885,3.4657226,217.7
ACC.NS,723.193,13.23,3.311495,44972,2.8357615,2429.7
ACCELYA.NS,159.836,21.772,7.9956956,1907,6.569579,1293.1
ACE.NS,46.089,20.27,5.809412,3038,2.0988677,274.4
ADANIENT.NS,156.014,55.339,9.48793,162799,3.474854,1503.2
ADANIPORTS.NS,149.928,20.798,5.116456,156622,10.572809,769.65
ADANIPOWER.NS,33.997,9.806,2.9546723,38742,1.4044169,98.55
ADANITRANS.NS,81.098,56.119,22.446299,200203,19.41942,1916.15
ADFFOODS.NS,136.657,26.537,6.8265805,1867,4.8943725,944.15
ADORWELD.NS,174.681,27.137,3.778316,898,1.7262808,676.05
ADSL.NS,92.917,6.89,0.76250845,359,0.9614314,71.6
ADVANIHOTR.NS,9.264,-178.928,7.9717183,341,11.65231,76.15
AEGISCHEM.NS,55.345,20.748,4.3671513,8483,2.1836314,238.9
AGARIND.NS,191.137,5.728,1.5870816,379,0.32599193,308.2
AGCNET.NS,63.544,8.862,18.81767,3938,0.8079108,1258.65
AHLEAST.NS,628.372,-90.946,0.29146746,211,2.9976325,188.5
AHLUCONT.NS,131.143,11.27,2.9220011,2576,1.1142654,387.7
AHLWEST.NS,33.191,39.059,8.234159,321,1.7886224,276.8
AIAENG.NS,449.989,25.762,4.6617804,19786,6.5062475,2097.1
AIFL.NS,-113.144,-1759.679,22222,3,361.83026,1.55
AJANTPHARM.NS,346.188,18.761,6.3120327,18916,6.3703785,2202.15
AJMERA.NS,199.601,17.533,1.7013943,1215,2.751508,357.45
AKSHOPTFBR.NS,6.321,6.257,1.3842746,142,0.47872823,9
AKZOINDIA.NS,282.892,22.948,7.8162336,10069,3.610123,2198.15
ALANKIT.NS,6.703,13.908,2.3571534,225,1.8911719,16.25
ALCHEM.NS,-282.733,-2.564,22222,4,0.03285998,3.15
ALEMBICLTD.NS,89.454,205.847,1.2995505,2985,36.877464,114.85
ALICON.NS,232.386,12.093,3.5413063,1325,1.3175708,801.9
ALKALI.NS,48.485,15.352,1.4788078,73,1.300805,71.4
ALKEM.NS,616.964,23.112,6.1996326,45733,4.761688,3873.95
ALKYLAMINE.NS,155.287,43.34,25.459955,20187,14.533048,4048.6
ALLCARGO.NS,93.11,9.804,2.5722263,5884,0.49574712,245.75
ALLSEC.NS,174.117,6.736,2.5979657,689,2.4249086,456.65
ALMONDZ.NS,64.426,22222,1.2766584,212,3.4584816,78.55
ALPA.NS,50.641,6.449,1.0465828,111,0.98879385,55.6
ALPHAGEO.NS,413.21,2.568,0.96924084,255,1.1427193,420.6
ALPSINDUS.NS,-162.125,109.824,22222,8,0.029427955,2.3
AMARAJABAT.NS,246.468,10.347,2.9555562,12457,1.5799081,737.35
AMBIKCO.NS,987.249,5.492,1.6244634,918,1.2721297,1610
AMBUJACEM.NS,122.978,12.835,3.4136188,83397,2.9452903,430.2
AMDIND.NS,68.674,5.872,0.40117073,52,0.35487676,28.2
AMRUTANJAN.NS,73.76,24.517,10.126762,2183,5.9911036,737.7
ANANTRAJ.NS,86.088,63.677,0.76084936,1935,6.634336,67.2
ANDHRACEMT.NS,-23.177,-57.156,22222,645,32287.242,22.4
ANDHRSUGAR.NS,478.566,7.034,1.1861478,1542,0.9867272,566.1
ANIKINDS.NS,132.78,12.865,0.13932821,52,0.30631143,19.15
ANKITMETAL.NS,-51.737,-2.158,22222,28,0.06888137,1.9
ANSALAPI.NS,-10.821,-37.69,22222,141,0.16779922,8.95
ANSALHSG.NS,31.748,130.956,0.2047373,38,0.21400645,6.5
ANTGRAPHIC.NS,1.088,-652.377,0.91911757,15,13.260052,0.95
APARINDS.NS,368.239,5.184,1.8307403,2579,0.37341636,670.55
APCOTEXIND.NS,58.907,20.251,6.845536,2090,3.1395166,420.25
APLAPOLLO.NS,67.843,28.246,13.943221,23635,2.3815794,956.15
APLLTD.NS,260.863,12.046,2.9833667,15297,2.8445518,783
APOLLOHOSP.NS,320.097,49.555,15.333634,70573,5.8091164,4880.75
APOLLOTYRE.NS,180.178,7.008,1.240995,14207,0.76148117,221.95
APOLSINHOT.NS,338.149,24.508,2.3253064,204,1.1246462,813.55
APTECHT.NS,40.901,45.663,7.0413923,1176,12.442839,293.05
ARCHIDPLY.NS,42.103,7.672,0.7386647,61,0.24302024,32
ARCHIES.NS,31.988,4.624,0.5548956,59,0.9629682,18
ARCOTECH.NS,7.943,-86.793,0.27697346,24,0.28882235,2.2
ARIES.NS,161.725,6.046,0.92131704,193,0.49057573,150.8
ARIHANT.NS,113.28,-262.644,0.23172669,22,0.3020969,27.1
AROGRANITE.NS,122.641,9.18,0.5454946,102,0.497595,68.85
ARSHIYA.NS,-9.134,18.732,22222,760,3.7508245,30.2
ARSSINFRA.NS,-9.853,-26.71,22222,65,0.22016488,29.35
ARVIND.NS,105.022,7.663,0.8969549,2440,0.41266114,94.4
ARVINDFASN.NS,45.994,-34.409,5.4768014,2868,1.1714914,250.7
ASAHIINDIA.NS,59.204,17.716,6.2208633,8953,3.1861563,366.6
ASAHISONG.NS,189.158,12.934,1.8730372,426,1.5036756,351.8
ASAL.NS,-55.924,24.374,22222,97,0.233713,61.1
ASHAPURMIN.NS,49.931,7.634,2.5284894,1155,0.87938726,127.05
ASHIANA.NS,70.695,-131.364,2.6762855,1936,8.307236,189.15
ASHIMASYN.NS,10.915,-19.374,1.5895557,334,2.0922568,17.8
ASHOKA.NS,22.041,5.129,4.5052404,2787,0.50559014,100.9
ASHOKLEY.NS,26.76,22.892,4.6767564,36738,1.8884532,127.25
ASIANHOTNR.NS,218.077,-67.111,0.38908276,169,2.1795962,84.65
ASIANPAINT.NS,133.51,62.268,24.740095,317187,13.125224,3342.1
ASIANTILES.NS,183.817,4.862,0.83153355,524,0.40565774,154.3
ASTEC.NS,157.844,25.357,8.521071,2634,4.5787497,1386.05
ASTRAL.NS,94.356,58.499,22.476048,42607,13.414213,2127.5
ASTRAMICRO.NS,64.507,14.08,2.6950562,1505,2.3281903,181.3
ASTRAZEN.NS,182.468,62.729,17.207949,7849,9.648598,3147.95
ATFL.NS,181.046,41.757,5.6201186,2479,2.769115,1043.2
ATLANTA.NS,-70.975,19.939,22222,113,1.2799846,13.95
ATLASCYCLE.NS,84.152,-0.631,0.34283203,18,0.12098053,28.85
ATNINTER.NS,-1.611,-29.416,22222,0,10.063775,0.2
ATUL.NS,1293.309,27.963,7.4564934,28532,6.873455,9737.35
ATULAUTO.NS,136.811,-66.273,1.4688146,441,1.4925472,204.4
AURIONPRO.NS,147.58,4.272,1.3236889,445,1.1923151,194.75
AUROPHARMA.NS,374.269,8.129,1.9937531,43722,1.7808361,754.75
AUSOMENT.NS,81.536,6.9,0.86894125,96,0.32135263,71.15
AUTOAXLES.NS,366.633,19.265,3.338352,1855,1.6543028,1229.8
AUTOIND.NS,9.489,27.437,6.18611,224,0.63812643,58.8
AUTOLITIND.NS,21.878,-2.312,0.69247645,17,0.37419376,15.5
AVANTIFEED.NS,129.268,15.594,4.2879906,7556,1.842714,561.05
AVTNPL.NS,20.375,18.219,4.0515337,1257,2.5912848,84.2
AXISBANK.NS,346.025,22222,2.3332129,247704,8.410894,802.6
AXISCADES.NS,78.968,2.61,0.9111285,271,0.47805205,74.6
AYMSYNTEX.NS,69.704,4.906,1.4217261,496,0.42749545,102.55
BAGFILMS.NS,6.273,13.86,0.5101228,66,0.6276395,3.05
BAJAJ-AUTO.NS,942.355,14.685,4.056009,110649,3.327238,3813.5
BAJAJELEC.NS,137.01,45.772,10.880959,17090,3.536034,1442.7
BAJAJFINSV.NS,2250.674,13.507,7.482291,268050,4.4819183,16733
BAJAJHIND.NS,21.51,36.255,0.73221755,1785,0.26783156,15.55
BAJAJHLDNG.NS,3339.544,171.514,1.3172009,48970,105.72702,4319.25
BAJFINANCE.NS,613.705,22222,12.104838,448397,25.474794,7411.5
BALAJITELE.NS,56.769,-22.13,1.0939069,628,1.9417465,63.5
BALAMINES.NS,276.038,33.865,17.319899,15490,10.0519495,4918.3
BALKRISIND.NS,310.361,27.001,8.023238,48137,7.245914,2510.65
BALLARPUR.NS,-7.379,9.668,22222,199,0.057864953,1.4
BALMLAWRIE.NS,84.5,20.533,1.6491125,2382,1.3708974,141.85
BALPHARMA.NS,37.733,9.229,2.7668087,154,0.61767745,102.4
BALRAMCHIN.NS,124.721,13.878,2.8700058,7400,1.636619,358.9
BANARBEADS.NS,75.411,12.686,0.8619432,43,2.1679466,66
BANARISUG.NS,1081.661,16.763,2.0285468,2751,1.7106336,1939.2
BANCOINDIA.NS,115.773,6.007,1.7568862,1456,0.8278149,211
BANG.NS,65.175,20.725,0.5285769,46,0.7286972,35.2
BANKBARODA.NS,159.319,22222,0.51657367,42560,1.7321092,85.9
BANKINDIA.NS,150.271,22222,0.38763303,21541,1.6160606,60.05
BANSWRAS.NS,208.579,5.034,0.79466295,284,0.36137462,169.35
BARTRONICS.NS,59.278,246.819,0.050608996,10,0.15991545,3
BASF.NS,412.649,17.84,8.300881,14827,1.3749018,3468.95
BASML.NS,102.587,6.136,0.6024155,194,0.17111363,62.4
BATAINDIA.NS,136.787,665.941,13.046196,22961,13.439903,1804.8
BAYERCROP.NS,563.308,29.865,9.507854,24063,6.0288973,5487
BBL.NS,1720.285,13.139,0.8077441,785,0.8296402,1399.85
BBTC.NS,769.664,3.665,1.5080606,8109,0.5908406,1184.7
BEARDSELL.NS,13.102,7.482,1.0265608,37,0.28577057,13.75
BEDMUTHA.NS,-78.547,16.671,22222,120,0.336479,36.85
BEL.NS,44.398,11.36,4.6240826,50023,3.5523374,205.55
BEML.NS,531.992,37.806,2.6633859,5904,1.6324792,1457.15
BEPL.NS,41.068,5.22,4.441414,3031,2.1279569,181.25
BERGEPAINT.NS,34.806,62.125,23.523243,79529,10.348261,833.7
BFINVEST.NS,875.484,102.131,0.42290893,1394,82.479324,376.85
BFUTILITIE.NS,-58.761,22222,22222,1683,4.238393,445.6
BGLOBAL.NS,55.307,37.248,0.041586056,3,2.3489413,2.2
BGRENERGY.NS,107.155,-8.59,0.5646027,437,0.42106894,63.25
BHAGERIA.NS,103.583,8.884,2.4873772,1124,2.4291713,260.1
BHARATFORG.NS,116.307,31.797,6.547757,35456,5.5958757,778.45
BHARATGEAR.NS,79.406,4.021,1.7442007,128,0.25622624,144.45
BHARATRAS.NS,1518.355,22.456,8.225284,5306,4.859166,12578.3
BHARATWIRE.NS,8.39,26.022,8.259833,433,1.6952901,70.75
BHARTIARTL.NS,109.817,9.485,6.6305766,399656,3.9705963,718.6
BHEL.NS,74.575,-6.773,0.758297,19691,1.080791,58.2
BIL.NS,272.044,19.361,0.7728529,259,0.48772565,210.15
BILENERGY.NS,0.234,-1.498,2.5641026,12,265.9321,0.6
BINANIIND.NS,-128.901,-6.289,22222,17,-0.07223037,5.55
BINDALAGRO.NS,94.265,4.781,0.2524797,611,5.6197777,25.8
BIOCON.NS,64.16,29.599,5.8821692,45310,6.317186,376.75
BIRLACORPN.NS,712.455,8.76,1.8297296,10038,1.3727572,1324.7
BIRLAMONEY.NS,8.444,22222,7.3839407,351,1.9440547,65.8
BLBLIMITED.NS,14.313,22222,0.67071897,50,0.07730815,9.4
BLISSGVS.NS,78.985,9.043,1.4312844,1168,1.8983123,112.1
BLKASHYAP.NS,19.195,15.412,1.2503257,546,0.716787,24.8
BLUEBLENDS.NS,-19.007,-16.826,22222,2,0.2458851,0.8
BLUECHIP.NS,-0.035,-7.741,22222,1,925.5014,0.3
BLUECOAST.NS,-85.015,-4.778,22222,9,115.63468,6.15
BLUEDART.NS,249.478,21.433,25.987663,15385,4.1141777,6478.75
BLUESTARCO.NS,91.943,59.202,9.2530155,8193,1.7472467,859.05
BODALCHEM.NS,75.663,22.725,1.4643881,1355,1.1051695,111.8
BOMDYEING.NS,-8.142,100.376,22222,1926,1.2992942,96.2
BOSCHLTD.NS,3326.83,24.066,4.531641,44496,4.0310097,15279.6
BPCL.NS,203.748,6.373,2.1411252,94667,0.3598009,439.05
BPL.NS,34.928,-11.871,2.2145555,379,7.980576,73.7
BRFL.NS,16.28,-7.842,0.4576167,236,1.3993586,7.45
BRIGADE.NS,108.806,22.547,3.4446628,7901,3.7108092,389.95
BRITANNIA.NS,147.332,42.203,27.501493,97607,7.440168,4073.05
BROOKS.NS,39.648,145.989,3.5689065,349,4.0420904,148.9
BSELINFRA.NS,49.425,-18.762,0.028325746,11,5.7669744,1.4
BSL.NS,76.071,5.674,0.8347465,65,0.18095988,64.2
BURNPUR.NS,-25.862,-42.102,22222,27,0.21926208,3.2
BUTTERFLY.NS,125.257,15.977,7.092218,1605,1.8462793,846.05
BVCL.NS,52.302,7.291,0.45887348,55,0.4029716,24
BYKE.NS,43.02,12.597,0.64156204,112,1.7099004,27.9
CADILAHC.NS,126.861,19.111,4.392209,57042,3.7771184,564.5
CALSOFT.NS,4.404,22222,5.642598,38,8.341127,23.7
CAMLINFINE.NS,52.319,12.702,3.4050727,2273,1.9147735,176.05
CANBK.NS,378.911,22222,0.42952037,26818,0.8337342,166.75
CANDC.NS,-1.064,11.316,22222,8,0.0074009895,3.2
CANFINHOME.NS,195.919,22222,3.1033232,8095,10.513169,623.75
CANTABIL.NS,75.967,14.743,6.4060707,794,3.1203573,517.3
CAPLIPOINT.NS,156.872,16.992,5.551979,6588,5.8735876,892.25
CARBORUNIV.NS,112.542,28.304,7.634039,16291,5.6299706,883.45
CAREERP.NS,255.641,8.225,0.61042637,283,4.634334,161.4
CARERATING.NS,199.874,17.545,3.553989,2092,8.423435,726.75
CASTEXTECH.NS,-31.531,-3679.535,22222,33,0.13637592,0.8
CASTROLIND.NS,14.298,11.197,9.543292,13496,3.5025547,141.65
CCCL.NS,-8.599,-35.003,22222,19,0.085654385,0.4
CCHHL.NS,24.065,29.375,0.2721795,107,1.727241,6.65
CCL.NS,81.763,16.798,4.860389,5288,4.245089,402.05
CEATLTD.NS,819.74,6.35,1.6127676,5347,0.6369478,1340.4
CEBBCO.NS,12.023,11.832,2.7946436,302,0.83224046,33.5
CELEBRITY.NS,0.56,22.355,17.67857,47,0.20316328,10.35
CELESTIAL.NS,45.564,1.441,0.038407516,4,0.12481513,1.75
CENTENKA.NS,459.87,4.605,0.9931068,998,0.8180475,462
CENTEXT.NS,5.949,5.228,1.596907,76,0.31626216,9.6
CENTRALBK.NS,45.027,22222,0.5152464,20139,3.6687152,23.2
CENTUM.NS,270.937,8.07,1.8273621,639,0.76166415,514.55
CENTURYPLY.NS,57.054,22.45,7.3307743,9292,3.8963797,418.35
CENTURYTEX.NS,313.742,34.801,2.7092323,9494,3.0965242,835.25
CERA.NS,611.386,38.221,7.324996,5833,5.3827486,4399.45
CEREBRAINT.NS,26.218,87.279,2.1473796,664,9.495943,58.1
CESC.NS,744.56,7.073,0.12383152,1222,0.105010435,88.2
CGCL.NS,97.865,22222,5.1330914,8842,21.211645,501.7
CHAMBLFERT.NS,105.734,6.409,2.9564757,13013,0.99513996,320
CHENNPETRO.NS,108.199,6.022,1.0928937,1751,0.06328999,115.85
CHOLAFIN.NS,117.095,22222,5.1825438,49769,9.212212,609.4
CHROMATIC.NS,49.903,-0.258,0.018034987,6,2.404337,0.9
CIGNITITEC.NS,132.886,10.123,4.286381,1596,1.7802243,563.35
CINELINE.NS,45.109,26.741,2.1924672,278,15.078184,101.8
CINEVISTA.NS,25.936,22222,0.532079,79,94.58517,14.4
CIPLA.NS,227.246,16.996,4.1983137,76953,3.7945287,954
CLNINDIA.NS,215.602,15.594,2.5855513,1286,1.7605326,573.9
COALINDIA.NS,59.233,3.322,2.6454847,96569,1.0850941,162.3
COFFEEDAY.NS,192.646,-10.192,0.15754285,641,0.37677908,28.95
COLPAL.NS,42.869,57.711,40.414986,47122,9.488032,1716.5
COMPUSOFT.NS,16.345,-16.79,0.84429497,109,6.3395844,14.45
CONCOR.NS,167.195,28.414,4.32818,44091,6.251622,733.05
CONSOFINVT.NS,374.023,26.073,0.37283802,450,16.807163,143
CORDSCABLE.NS,107.126,4.402,0.5106137,71,0.22369154,56.45
COROMANDEL.NS,175.487,11.23,4.6020503,23693,1.6157318,833.5
COSMOFILMS.NS,447.043,6.35,3.4568262,2809,1.1274928,1495.45
COUNCODOS.NS,2.265,20.993,1.3024282,22,1.8171515,2.95
CREATIVEYE.NS,13.393,2.904,0.23893079,6,1.0412291,3.05
CREST.NS,200.21,22222,0.6021178,345,8.045544,120.8
CRISIL.NS,180.707,42.747,16.11559,21184,10.337837,2819.2
CTE.NS,41.156,-19.029,1.4882399,120,1.2655202,63.1
CUB.NS,77.707,22222,1.9760125,11344,6.387422,157.7
CUBEXTUB.NS,40.968,32.941,0.5418864,31,0.5068568,22.5
CUMMINSIND.NS,167.776,25.742,6.0062227,27933,6.4066358,1032.05
CURATECH.NS,-0.036,-806.169,22222,1,2.8542495,1.6
CYBERMEDIA.NS,-9.491,15.013,22222,15,0.41020703,10.4
CYBERTECH.NS,41.783,11.26,3.8963215,449,3.8194466,166.8
CYIENT.NS,268.767,15.676,4.143738,12255,2.918738,1099.4
DAAWAT.NS,54.809,7.209,1.2361109,2166,0.4665781,67.95
DABUR.NS,43.407,52.802,15.065542,115581,11.355793,640.4
DALMIASUG.NS,264.841,8.084,1.5645236,3353,1.2486995,421.1
DATAMATICS.NS,121.405,9.812,2.5085456,1795,1.5480587,312.7
DBCORP.NS,94.818,4.379,1.0572886,1753,1.0951817,93.4
DBREALTY.NS,65.502,43.811,0.41830784,666,35.647686,28.8
DBSTOCKBRO.NS,12.049,22222,1.5270977,66,4.5294466,18.85
DCBBANK.NS,121.089,22222,0.7593588,2855,2.1976774,93.9
DCM.NS,-7.696,-42.058,22222,85,1.8027527,46.75
DCMSHRIRAM.NS,298.081,11.317,3.4782495,16163,1.9350231,978.1
DCW.NS,25.967,6.021,1.5423422,1046,0.615752,39.95
DECCANCE.NS,403.281,4.499,1.7968861,1015,1.203275,741.95
DEEPAKFERT.NS,263.126,6.702,1.634388,4415,0.69773525,415.2
DEEPAKNTR.NS,172.049,20.922,14.043964,32955,6.3237233,2448.6
DELTACORP.NS,72.605,238.988,3.149232,6100,13.666805,237.65
DELTAMAGNT.NS,31.619,17.258,1.7821562,61,0.50253266,56.15
DEN.NS,58.521,-0.04,0.8347431,2331,1.7808443,49.85
DENORA.NS,118.719,18.443,2.8815944,181,3.5891092,341.9
DHAMPURSUG.NS,234.918,6.81,1.2861935,2005,0.48258325,301.9
DHANBANK.NS,34.368,22222,0.496101,432,1.0226735,17.6
DHANUKA.NS,171.045,15.718,4.9057264,3910,2.818109,850.5
DHARSUGAR.NS,-30.937,-22.658,22222,65,1.9742283,19.1
DHFL.NS,-657.236,22222,22222,524,0.061280947,16.7
DHUNINV.NS,2372.237,4.295,0.2636119,381,1.4377918,626.5
DIAPOWER.NS,20.203,-4.95,0.06929664,37,0.054227892,1.35
DICIND.NS,413.336,10.828,1.1110816,424,0.64205635,469.5
DISHTV.NS,20.46,1.697,1.0166178,3835,1.2195193,19.85
DIVISLAB.NS,350.108,42.544,14.632056,135994,18.889063,5166.9
DLF.NS,142.569,49.145,2.347986,82861,13.79876,342.4
DLINKINDIA.NS,74.983,6.978,1.7810704,474,0.62071747,137.85
DOLPHINOFF.NS,347.224,1.502,0.010943944,7,0.041804947,3.8
DONEAR.NS,21.656,27.64,2.7290359,308,0.75176096,60.55
DPSCLTD.NS,16.61,30.46,0.92113185,1489,2.6783044,15.65
DQE.NS,20.35,-2.671,0.044226043,7,0.2765618,0.85
DREDGECORP.NS,548.047,-36.705,0.66490644,1019,1.3346552,374.3
DRREDDY.NS,1055.26,18.535,4.628764,80970,4.157866,4931.95
DWARKESH.NS,30.744,9.06,2.3256571,1346,0.75185287,72.5
DYNAMATECH.NS,581.652,9.542,5.317699,1961,1.7541041,3021.75
EASTSILK.NS,-2.903,20.692,22222,28,0.26311985,3.7
EASUNREYRL.NS,45.742,4858.447,0.062305976,8,0.10109533,2.8
ECLERX.NS,441.346,14.05,5.461928,8420,4.9123874,2327.25
EDELWEISS.NS,73.867,22222,1.1229643,7768,1.6153791,81.3
EDUCOMP.NS,17.731,-117.932,0.16637526,35,0.121261165,3
EICHERMOT.NS,418.488,38.321,6.926244,79230,9.147361,2860.2
EIDPARRY.NS,234.25,4.173,1.8518676,7689,0.40903515,444.4
EIHAHOTELS.NS,103.706,-54.941,3.227393,1019,10.057511,342.25
EIHOTEL.NS,49.549,-25.377,2.1685603,6719,13.518016,109.8
EIMCOELECO.NS,569.913,27.664,0.714495,234,1.9879547,407.6
EKC.NS,50.865,5.695,2.3169172,1331,1.1973592,121.4
ELECON.NS,81.969,7.895,2.1172638,1947,1.8639024,177.9
ELECTCAST.NS,66.056,8.953,0.58132493,1664,0.47968328,39.6
ELECTHERM.NS,-913.839,30.539,22222,161,0.06704965,128.8
ELGIEQUIP.NS,27.501,38.958,7.7069926,6716,3.4915261,212
ELGIRUBCO.NS,36.25,18.958,1.0896552,197,0.5761427,39.85
EMAMILTD.NS,39.581,27.867,14.663601,25799,8.430854,593.95
EMCO.NS,-42.161,-0.371,22222,12,0.053663906,1.8
EMKAY.NS,67.424,22222,1.7716242,294,1.8371563,120.3
EMMBI.NS,73.445,11.699,1.4915924,193,0.75702286,102
ENERGYDEV.NS,16.259,9.849,0.5627652,43,1.43551,9.45
ENGINERSIN.NS,31.604,4.192,2.328819,4136,1.2110453,73.6
ENIL.NS,168.29,56.696,1.1738666,942,3.4983397,204.15
EON.NS,44.566,-0.799,0.14360723,11,0.44658798,6.4
EROSMEDIA.NS,130.31,-1.169,0.14503875,181,0.575664,19.35
ESABINDIA.NS,168.401,31.489,13.478542,3493,4.7010345,2246.2
ESCORTS.NS,511.854,8.035,2.837821,19585,2.567928,1447.85
ESSARSHPNG.NS,-216.014,-245.976,22222,205,0.43670452,10.25
ESSDEE.NS,-399.322,65.107,22222,6,22222,1.95
ESTER.NS,61.323,5.303,2.3865435,1220,1.0876383,149.85
EUROCERA.NS,-161.482,-13.134,22222,3,0.17378381,1.05
EUROMULTI.NS,-142.109,-108.6,22222,3,63.37521,1.45
EUROTEXIND.NS,-7.983,-7.46,22222,10,0.43196857,10.85
EVEREADY.NS,87.767,12.236,4.0972123,2612,2.0612037,371.9
EVERESTIND.NS,325.134,5.21,1.3205324,671,0.5348247,442.15
EXCEL.NS,18,30.256,0.18333334,32,4.155286,3.3
EXCELINDUS.NS,677.369,11.857,1.5734408,1340,1.789246,1071.7
EXIDEIND.NS,85.631,3.528,2.1540096,15678,0.9610652,182.85
FACT.NS,-2.699,10.287,22222,7948,2.4391487,126.1
FCL.NS,18.841,24.393,7.104188,1482,5.8965454,136.25
FCSSOFT.NS,1.788,64.572,0.75503355,230,6.7762403,1.4
FDC.NS,102.538,17.506,3.5255222,6102,4.577307,365.45
FEDERALBNK.NS,82.67,22222,1.0076207,16629,2.7108207,85.9
FIEMIND.NS,395.399,7.156,2.7871847,1450,1.3008171,1110.75
FILATEX.NS,34.52,5.703,3.0576477,2339,0.8411284,106.05
FINCABLES.NS,201.082,16.568,2.5526898,7850,2.8359997,518.85
FINPIPE.NS,37.771,8.763,5.014429,11751,3.0392807,196.85
FLEXITUFF.NS,55.172,-125.925,0.27187702,38,0.045428354,15.25
FLFL.NS,50.881,-12.072,1.0534384,1081,0.37447897,52.85
FMGOETZE.NS,141.919,17.504,1.971547,1556,1.6129321,285.6
FMNL.NS,19.251,13.586,0.4493273,49,0.7269495,8.9
FORTIS.NS,81.061,60.395,3.3055356,20229,5.0194783,273.3
FOSECOIND.NS,286.108,21.673,5.21796,960,3.0341218,1502.6
FSL.NS,40.214,18.545,5.1673546,14480,2.6325157,202.4
GABRIEL.NS,48.506,15.582,3.0367377,2119,1.2467414,147.05
GAEL.NS,72.186,6.531,2.5150309,4163,0.8493577,175.45
GAIL.NS,118.058,7.074,1.3052907,68448,1.091069,157.15
GAL.NS,-5.101,-1.694,22222,36,2.1417716,2.3
GALLANTT.NS,81.867,4.737,0.8678711,577,0.47186238,73.15
GALLISPAT.NS,36.902,8.812,1.4430112,1509,1.2139863,56.65
GAMMNINFRA.NS,3.215,25.533,0.5598756,169,0.620974,0
GANDHITUBE.NS,113.155,9.846,3.993637,583,6.223815,463.9
GANECOS.NS,236.943,10.411,2.0753937,1073,1.219595,491.2
GANESHHOUC.NS,103.293,-19.86,1.6191804,872,5.0876465,175.9
GANGOTRI.NS,-71.006,-3976.467,22222,2,22222,0.9
GATI.NS,43.066,82.625,3.229926,1710,1.3015118,140.25
GAYAPROJ.NS,50.582,4.838,1.0675734,1010,0.25867552,56.85
GDL.NS,122.201,12.356,2.147282,3297,2.6249347,258
GEECEE.NS,230.155,3.978,0.6337034,304,6.7888327,149.6
GENESYS.NS,61.902,23.006,2.2648702,438,4.89157,146.55
GENUSPAPER.NS,13.889,12.212,0.70919436,253,0.9798775,10.15
GENUSPOWER.NS,39.251,11.101,1.5872207,1432,2.1868594,64.15
GESHIP.NS,523.469,3.869,0.7186672,5528,1.8202851,369.2
GHCL.NS,261.463,5.634,1.5128335,3760,1.1389661,408.6
GICHSGFIN.NS,228.283,22222,0.66562116,817,1.9336256,154.95
GILLANDERS.NS,133.269,12.392,0.35004392,99,0.21835573,47.5
GILLETTE.NS,285.018,38.212,20.860086,19373,10.067205,6026.1
GINNIFILA.NS,33.158,3.939,0.9997587,234,0.26994732,34.65
GIPCL.NS,192.605,3.298,0.4270398,1244,0.9603042,83.4
GISOLUTION.NS,6.858,22222,0.3937008,2,11.630263,2.6
GITANJALI.NS,560.95,10.491,0.0018718245,12,0.0006848981,1.05
GKWLIMITED.NS,335.437,20.368,1.9850224,397,21.272871,651.15
GLAXO.NS,88.92,34.925,17.307129,26085,7.8093734,1572.95
GLENMARK.NS,250.42,7.95,2.0719192,14649,1.2613163,535.4
GLFL.NS,-1.652,-38.291,22222,9,308.55563,3.25
GLOBALVECT.NS,34.19,14.814,1.5779469,76,0.25745034,52.3
GLOBUSSPR.NS,203.206,7.168,6.4505973,3775,3.0672054,1277.8
GMBREW.NS,276.293,11.705,2.1098979,1066,1.2033113,583.2
GMDCLTD.NS,141.804,-89.444,0.48482412,2186,1.6324577,70.4
GMRINFRA.NS,-0.02,41.498,22222,18986,3.1284976,32.15
GNFC.NS,390.438,3.182,0.856346,5196,1.013209,339.85
GOACARBON.NS,83.272,61.187,4.4252567,337,0.95586646,374.9
GOCLCORP.NS,216.379,132.831,1.2323284,1323,2.9279294,267.4
GODFRYPHLP.NS,450.223,8.707,2.3305118,5456,2.00271,1050.7
GODREJCP.NS,92.366,40.709,11.807375,111512,10.111216,1104.7
GODREJIND.NS,224.543,27.518,2.4351683,18403,1.6862551,554.95
GODREJPROP.NS,324.322,-117.169,5.0244823,45297,58.163635,1640.45
GOENKA.NS,13.273,-21.149,0.09417615,40,11.481926,1.3
GOKEX.NS,67.637,12.247,2.9103894,844,0.6938679,200.55
GOKUL.NS,23.822,12.673,1.175384,277,0.10526669,28.35
GOKULAGRO.NS,23.837,2.52,1.6696732,524,0.062593035,40.55
GOLDENTOBC.NS,-122.723,17.648,22222,170,4.072035,98.3
GOLDIAM.NS,209.766,16.354,4.316238,2007,3.7783577,959.05
GOLDTECH.NS,27.001,11.057,1.1573646,58,1.1906434,29.8
GOODLUCK.NS,155.11,9.049,1.9708594,749,0.39606193,306.35
GPIL.NS,577.71,3.619,2.236416,4552,1.0064104,1353.55
GPPL.NS,46.229,10.884,2.164226,4836,6.594494,103.9
GRANULES.NS,87.736,11.373,3.7367785,8120,2.4225912,333
GRAPHITE.NS,227.096,59.32,2.740471,12161,5.633734,632.35
GRASIM.NS,997.592,9.407,1.5725869,103239,1.2397586,1578.45
GRAVITA.NS,39.676,10.014,5.108882,1400,0.9934311,208.5
GREAVESCOT.NS,33.846,40.613,4.180701,3271,2.1684327,146.25
GREENLAM.NS,237.575,17.69,5.9299173,3400,2.8345804,1401.5
GREENPLY.NS,35.685,16.446,4.9334455,2159,1.6695297,174.8
GREENPOWER.NS,6.126,7.868,0.51420176,239,0.9004766,3.3
GRINDWELL.NS,123.197,41.733,11.773826,16084,9.819806,1457.7
GRPLTD.NS,987.011,14.418,0.9704552,127,0.45648763,953.75
GSCLCEMENT.NS,45.344,5.51,1.1026816,441,0.6984731,51.45
GSFC.NS,191.79,4.468,0.5745868,4395,0.56010777,110.4
GSKCONS.NS,989.489,29.363,10.788902,44984,9.025178,10732.6
GSPL.NS,113.343,6.3,2.834317,18125,1.5712798,334.85
GSS.NS,80.611,-72.173,1.0265348,139,1.1977822,84.05
GTL.NS,-474.671,8.603,22222,249,1.128121,16.3
GTLINFRA.NS,-1.018,5.284,22222,2268,1.6095213,1.7
GTNTEX.NS,53.957,-10.96,0.13899957,8,0.14825213,7.5
GUFICBIO.NS,17.89,22.725,11.450532,1985,4.071998,212.25
GUJALKALI.NS,659.003,8.797,0.7469617,3610,1.3490796,486.5
GUJAPOLLO.NS,425.266,-22.766,0.5163827,259,4.706669,219.6
GUJGASLTD.NS,65.579,23.152,10.113755,45677,4.635343,682.2
GULFOILLUB.NS,172.901,9.423,3.5618646,3101,1.6964123,609.6
GULFPETRO.NS,45.548,14.955,1.2316676,286,0.46904495,56.35
GULPOLY.NS,77.882,7.131,3.2876656,1204,1.5721666,254.75
GVKPIL.NS,-9.396,7.504,22222,436,0.10525792,2.5
HARRMALAYA.NS,62.314,7.742,3.1822705,366,0.81164706,202.8
HATHWAY.NS,22.745,6.823,1.0639701,4283,2.473563,24.5
HATSUN.NS,47.388,27.035,29.615093,30252,5.4315095,1448.75
HAVELLS.NS,82.687,44.223,17.800865,92185,7.958095,1453.1
HBLPOWER.NS,26.947,17.475,1.7998292,1344,1.4586558,49.4
HCC.NS,-10.823,6.332,22222,1544,0.17111629,10.05
HCG.NS,55.545,25.813,4.563867,3177,3.1357067,240.9
HCL-INSYS.NS,-4.927,-3.326,22222,471,1.7159456,14.85
HCLTECH.NS,3.096,1065.181,408.04266,342817,325.29364,1263.1
HDFC.NS,814.73,22222,3.4682043,509733,4.641095,2812.35
HDFCBANK.NS,380.624,22222,4.156727,873990,10.870448,1559.95
HDIL.NS,261.911,0.805,0.017754123,220,0.34206322,4.7
HEG.NS,906.373,-149.277,2.4382899,106216,84.55179,2245.05
HEIDELBERG.NS,65.949,10.952,4.028871,6023,2.6819384,275.65
HERCULES.NS,153.907,56.433,0.92133564,455,4.879623,146.2
HERITGFOOD.NS,128.348,8.598,3.7382739,2229,0.9013659,463.95
HEROMOTOCO.NS,771.748,10.812,3.7992973,58580,1.7490396,2920.4
HESTERBIO.NS,279.7,30.442,9.039507,2150,9.820435,2494.5
HEXATRADEX.NS,117.681,-663.716,1.5185119,987,2276.2803,180.25
HFCL.NS,14.937,16.604,4.974225,9542,2.1575923,77
HGS.NS,998.817,6.867,3.0216746,6329,1.132525,2883.75
HIKAL.NS,75.706,22.47,8.922674,8328,4.841193,696.35
HIL.NS,1193.797,10.568,4.4279304,3937,1.2935723,5278.4
HILTON.NS,41.408,-3.092,0.35500386,18,0.30621904,14.75
HIMATSEIDE.NS,133.727,9.226,1.8223693,2399,0.8290047,245.95
HINDALCO.NS,299.191,7.291,1.5810969,105517,0.7994665,483.3
HINDCOMPOS.NS,552.759,16.296,0.5527726,451,2.4446979,307.45
HINDCOPPER.NS,10.85,26.625,10.7649765,11298,6.202504,116.95
HINDMOTORS.NS,-1.482,-39.21,22222,158,141.71518,7.8
HINDNATGLS.NS,-33.635,8.786,22222,328,0.17422746,38.2
HINDOILEXP.NS,52.904,40.875,3.812566,2667,22.171085,206.5
HINDPETRO.NS,257.671,4.862,1.0981058,40137,0.15043063,282.5
HINDSYNTEX.NS,-1.613,-0.482,22222,2,0.14040427,1.45
HINDUNILVR.NS,202.905,46.837,13.416377,639617,13.19043,2768.25
HINDZINC.NS,76.452,9.099,4.3785644,141442,5.742462,334.9
HIRECT.NS,60.786,16.152,3.257329,328,1.0752976,203.85
HITECHGEAR.NS,147.039,11.6,1.9076571,528,0.80555874,286.4
HMT.NS,-132.251,-64.475,22222,1004,5.252134,28.65
HMVL.NS,206.335,-49.942,0.37172556,565,1.0085156,77.65
HONAUT.NS,2916.786,63.571,14.595225,37732,12.620539,42874.95
HONDAPOWER.NS,596.798,16.135,2.005704,1217,1.2964631,1215.85
HOTELRUGBY.NS,6.256,22222,0.7113171,6,53.74069,4.45
HOVS.NS,46.877,21.389,1.3983405,82,8.582308,62.45
HSIL.NS,178.197,6.799,1.2994046,1498,0.74296147,236.65
HTMEDIA.NS,90.724,-9.676,0.27060094,574,0.51433074,25
HUBTOWN.NS,210.657,-0.066,0.13861395,212,1.4310422,29.8
IBREALEST.NS,67.675,34.255,1.9903952,6124,4.0254064,139.85
IBULHSGFIN.NS,362.126,22222,0.6316862,10578,4.872764,241.85
DHANI.NS,96.841,22222,1.9562994,11569,9.236829,196.35
ICICIBANK.NS,227.825,22222,3.160979,498232,4.8097515,727.2
ICIL.NS,56.871,11.544,4.7273655,5307,1.8291448,267.95
ICRA.NS,787.596,35.146,4.492214,3419,10.9845495,3537.1
ICSA.NS,-293.432,-11.133,22222,0,22222,0.2
IDBI.NS,35.292,22222,1.1093166,42095,4.8607054,42.15
IDEA.NS,-10.873,1.875,22222,32039,0.76398057,11.25
IDFC.NS,51.942,22222,1.0867891,9011,20.391975,57.8
IFBAGRO.NS,428.164,5.121,1.3450454,540,0.6483134,596.15
IFBIND.NS,172.391,20.354,7.018637,4905,1.7513041,1163.25
IFCI.NS,26.856,22222,0.4747542,2617,3.4040182,11.95
IGARASHI.NS,139.683,22.965,3.6658003,1612,2.9909663,529.05
IGL.NS,79.741,22.844,7.0396657,39294,7.953076,570.8
IGPL.NS,266.89,7.552,2.7029862,2221,1.9771268,670.85
IIFL.NS,142.211,22222,1.9724213,10630,2.9240322,295.2
IITL.NS,163.279,14.607,0.4256518,156,14.167974,69.35
IMFA.NS,460.275,5.878,1.5637391,1943,0.9828233,725.1
IMPAL.NS,794.474,12.965,0.9579294,932,1.5889363,762.4
IMPEXFERRO.NS,-26.068,-18.349,22222,8,0.12317662,0.95
INDBANK.NS,14.255,22222,1.6941423,107,14.840772,25.1
INDHOTEL.NS,30.77,-70.956,4.844004,17742,10.517616,155.05
INDIACEM.NS,213.759,9.872,0.8610164,5703,1.2645141,188.3
INDIAGLYCO.NS,344.111,6.805,1.9534395,2082,0.71219426,683.4
INDIANB.NS,349.444,22222,0.39219448,15478,1.1136415,139.2
INDIANCARD.NS,121.503,45.046,1.4077842,101,1.6628569,173.5
INDIANHUME.NS,124.422,14.511,1.6026105,966,0.77854246,203.75
INDIGO.NS,47.983,-150.737,45.76725,84517,5.7728276,1979.85
INDLMETER.NS,95.974,-10.44,0.12711775,10,0.117059454,12.35
INDNIPPON.NS,199.478,10.982,1.7763864,802,1.4406257,357.55
INDOCO.NS,83.359,17.282,5.775021,4440,3.2833242,476.75
INDORAMA.NS,12.77,8.674,4.1464367,1394,0.52861506,54
INDOSOLAR.NS,-27.25,-64.082,22222,100,123.71893,2.75
INDOTECH.NS,111.744,-18.351,1.387099,163,1.1215458,156.85
INDOTHAI.NS,49.75,22222,1.7658291,88,3.236894,87.7
INDOWIND.NS,28.624,19.5,0.21660145,56,3.2960134,6.4
INDRAMEDCO.NS,27.965,6.992,2.81602,721,0.99978095,79.95
INDSWFTLAB.NS,110.928,7.089,0.6062491,397,0.43472782,68.1
INDSWFTLTD.NS,-132.812,20.586,22222,53,0.14716037,9.55
INDTERRAIN.NS,48.287,-12.833,0.8532317,169,0.79419154,41.85
INDUSINDBK.NS,568.756,22222,1.9867923,87444,7.235017,1130.95
INFOMEDIA.NS,-8.925,2352455.2,22222,21,22222,4.35
INFY.NS,2.46,1833.227,687.5203,720708,506.75616,1702.25
INGERRAND.NS,129.445,19.118,7.713314,3147,4.3701744,963.7
INOXLEISUR.NS,56.545,-17.461,5.4151564,3312,25.878052,304.1
INOXWIND.NS,69.323,-31.782,1.4836346,2289,2.9219341,104.85
INSECTICID.NS,396.934,9.786,1.7853096,1475,1.0389153,728.9
INTEGRA.NS,-8.797,-281.062,22222,15,1512.831,4.65
INTELLECT.NS,104.882,25.805,6.460593,9063,6.0523667,662.3
INVENTURE.NS,21.978,22222,0.14105013,26,0.654921,3.45
IOB.NS,10.174,22222,2.1476314,41301,6.121261,22.75
IOC.NS,121.794,4.113,0.97090167,111322,0.2657361,118.35
IOLCP.NS,186.488,5.495,3.1192355,3412,1.7346517,592.6
IPCALAB.NS,370.385,23.513,6.7319136,31642,5.8037496,2571.15
IRB.NS,196.125,7.833,0.87342256,6026,1.1373092,180.6
ISFT.NS,101.075,47.368,1.2475884,185,0.29429242,130.65
ISMTLTD.NS,-87.828,35.627,22222,422,0.2637228,28.4
ITC.NS,49.011,26.389,4.716288,284517,5.394117,230.75
ITDCEM.NS,62.749,7.635,1.2629683,1361,0.4991034,82.25
ITI.NS,26.57,240.889,4.4636807,11071,4.6870193,121.35
IVC.NS,6.225,-1.038,1.0120482,201,3.6709142,6.6
IVP.NS,66.325,10.317,1.7489635,118,0.34184524,118.2
IZMO.NS,170.129,5.673,0.56368995,126,1.087066,97.65
JAGRAN.NS,67.467,8.868,0.93601316,1690,1.3110024,62.25
JAGSNPHARM.NS,44.869,13.099,3.5993671,424,1.9625318,157.9
JAIBALAJI.NS,-160.358,19.931,22222,575,0.16687666,53
JAICORPLTD.NS,78.257,38.528,1.6401088,2290,4.64611,131.55
JAINSTUDIO.NS,12.239,-5.786,0.15524143,5,-149.66922,1.85
JAMNAAUTO.NS,12.607,23.554,7.6505113,3835,3.5527015,92.2
JAYAGROGN.NS,116.293,7.657,2.1411436,740,0.36668226,259.85
JAYBARMARU.NS,103.942,6.98,1.8115872,816,0.44340307,192.3
JAYNECOIND.NS,-21.807,57.367,22222,1260,0.43476912,20.45
JAYSREETEA.NS,128.562,6.655,0.8404506,312,0.3738768,109.95
JBCHEPHARM.NS,210.343,22.831,8.275531,13446,6.324016,1726
JBFIND.NS,23.535,14.428,1.0091354,194,0.08816592,25
JBMA.NS,157.69,10.697,2.8901641,2155,0.89827627,474.9
JETAIRWAYS.NS,-628.459,-0.299,22222,1165,0.046207845,97.65
JHS.NS,29.216,16.092,0.8728094,164,1.3817093,26.1
JIKIND.NS,-3.201,-96.68,22222,3,53.613506,0.5
JINDALPHOT.NS,21.693,-4377.695,5.2782,120,318.41846,114.7
JINDALPOLY.NS,603.366,4.576,1.7274755,4563,1.1179675,1027.75
JINDALSAW.NS,218.388,5.762,0.56321776,3940,0.3309193,121.7
JINDALSTEL.NS,264.037,3.817,1.4641888,39488,0.9990019,395.1
JINDCOT.NS,16.633,338.188,0.20441292,16,0.5165534,3.35
JINDRILL.NS,423.599,8.784,0.329675,406,1.0214324,143.7
JINDWORLD.NS,18.855,12.653,4.5611243,1728,1.0181066,88.85
JISLDVREQS.NS,60.217,-64.712,0.38195196,1719,0.30054623,24.1
JISLJALEQS.NS,60.217,-68.558,0.61195344,1878,0.32831448,37.55
JKCEMENT.NS,480.092,15.168,7.039171,26112,3.9527695,3441.05
JKIL.NS,239.253,4.076,0.811693,1469,0.5715726,197.05
JKLAKSHMI.NS,177.936,7.662,3.8702118,8103,1.7141083,710
JKPAPER.NS,126.877,7.321,1.9183934,4123,1.4014012,248.25
JKTYRE.NS,108.538,5.452,1.4133298,3781,0.35738388,153.95
JMA.NS,58.766,2.64,1.1035292,193,0.58182746,65.25
JMCPROJECT.NS,26.839,7.252,3.8041654,1700,0.37738892,104.95
JMFINANCIL.NS,75.263,22222,1.2031144,8626,4.52336,91.4
JMTAUTOLTD.NS,2.072,-205.367,1.3272201,138,0.55483204,2.75
JOCIL.NS,210.723,6.965,1.1562572,216,0.4070818,247.25
JPASSOCIAT.NS,6.419,20.015,1.5422962,2409,0.365923,10.25
JPINFRATEC.NS,-17.508,-36.735,22222,277,0.29672438,2.05
JPPOWER.NS,5.715,13.403,0.76115483,3032,0.91846156,4.35
JSL.NS,65.723,5.539,2.4922783,7980,0.53761166,167.15
JSLHISAR.NS,125.913,5.322,2.36036,7011,0.61919516,296.35
JUBLPHARMA.NS,375.243,7.906,1.6372056,9774,1.4861357,626.55
JSWENERGY.NS,79.234,8.979,4.0822124,53136,7.4357853,311.35
JSWHL.NS,11390.423,57.514,0.4118109,5193,54.110546,4774.2
JUBLFOOD.NS,85.167,58.516,48.173588,54144,14.186327,4096.35
JUBLINDS.NS,56.849,11.245,8.859435,758,1.2198123,514.95
JUSTDIAL.NS,204.338,38.97,4.8172636,6129,9.078798,988
JVLAGRO.NS,-77.688,0.311,22222,12,0.010508311,0.65
JYOTHYLAB.NS,36.487,20.572,4.711267,6307,3.1503778,177.1
JYOTISTRUC.NS,-883.695,-19.124,22222,170,22222,16.05
KABRAEXTRU.NS,87.161,13.779,2.7781918,772,2.8168967,244.35
KAJARIACER.NS,117.493,26.457,9.830373,18405,6.005133,1180.2
KAKATCEM.NS,287.721,7.752,0.85204065,190,1.4656283,249.05
KALPATPOWR.NS,226.292,5.868,1.8034221,6079,0.43979695,417.95
KALYANIFRG.NS,268.547,7.768,0.76951146,75,0.41585225,203.5
KAMATHOTEL.NS,-61.167,73.075,22222,112,1.7028396,48.65
KAMDHENU.NS,72.689,9.383,2.690916,526,0.83799225,201.05
KANANIIND.NS,5.097,181.616,1.7363155,89,0.28718135,9
KANORICHEM.NS,134.366,8.68,1.4869834,872,0.67694277,210.3
KANSAINER.NS,75.204,35.385,8.1637945,33086,5.6674347,623.6
KARMAENG.NS,19.995,27.014,0.9527381,22,0.77019423,19.65
KARURVYSYA.NS,87.355,22222,0.5712323,3988,1.5497895,45.65
KAUSHALYA.NS,12.337,-10.44,0.21074815,9,4.1393695,2.6
KAVVERITEL.NS,22.198,4797.799,0.47301558,21,3.9080229,10
KAYA.NS,41.743,11.003,10.714372,584,1.8413396,463.3
KCP.NS,69.063,5.542,2.132111,1894,1.2354724,149.35
KCPSUGIND.NS,26.403,2206.132,0.8502822,254,0.77476466,22.9
KDDL.NS,160.25,9.475,2.6636505,548,0.99967766,439.65
KEC.NS,130.722,11.426,3.1884456,10717,0.8172734,428
KECL.NS,-11.633,-14.815,22222,115,0.41696924,17.8
KEI.NS,181.736,13.224,4.6449246,7534,1.6918232,835.45
KELLTONTEC.NS,46.244,5.596,1.1287951,503,0.64915514,54.05
KERNEX.NS,50.045,35.875,1.2238985,76,3.942208,63.5
KESORAMIND.NS,13.703,8.195,5.6155586,1269,0.47863102,77.7
KGL.NS,8.704,4.12,0.028722424,44,0.19490613,0.2
KHAITANLTD.NS,50.287,11.84,0.825263,19,0.43548042,40.45
KHANDSE.NS,20.007,22222,0.877193,21,7.003339,17.8
KICL.NS,10602.903,189.478,0.20542015,950,119.91252,2222.3
KILITCH.NS,78.507,56.822,2.23738,273,3.989115,182.25
KIRIINDUS.NS,581.916,31.081,0.90442604,1769,1.9828684,532
KIRLOSBROS.NS,139.12,13.674,2.6333382,2920,1.0750825,367.2
KIRLOSENG.NS,133.003,6.74,1.6018435,3081,0.8339201,210.25
KIRLOSIND.NS,1798.032,3.213,0.9378309,1637,0.60851413,1678.9
KITEX.NS,101.114,7.528,1.6560516,1115,2.2772448,167.7
KKCL.NS,351.19,46.457,2.5086136,1085,3.5868018,899.5
KMSUGAR.NS,22.087,7.731,1.1703718,239,0.4770555,26.55
KNRCON.NS,69.886,9.312,4.314884,8480,2.9206984,309.1
KOHINOOR.NS,-140.83,29.294,22222,28,0.10605643,7.4
KOKUYOCMLN.NS,24.193,85.365,2.7528622,669,1.6596318,67.8
KOLTEPATIL.NS,113.339,76.181,2.681778,2305,3.6863177,311.85
KOPRAN.NS,50.907,13.875,4.1575813,914,1.8591982,212.6
KOTAKBANK.NS,421.683,22222,4.761752,398053,9.531002,1906.8
KOTARISUG.NS,21.98,9.095,1.4990902,280,0.66743404,33.55
KOTHARIPET.NS,21.019,5.514,2.535801,317,1.3872843,54.55
KOTHARIPRO.NS,377.523,-17.298,0.2619708,295,0.075203046,103
KPRMILL.NS,341.492,13.013,6.5068874,15256,4.3217793,2176.65
KRBL.NS,144.858,6.95,1.8335197,6258,1.4747794,271.35
KRIDHANINF.NS,12.634,-3.139,0.35222414,42,1.8745635,4.65
KSCL.NS,209.219,12.686,2.9005492,3661,3.5328107,603.55
KSERASERA.NS,0.158,-9.049,0.9493671,40,11.057356,0.15
KSK.NS,-53.068,-3.77,22222,24,0.3963585,0.55
KSL.NS,264.234,3.599,1.5365168,1773,1.2175277,389.6
KTKBANK.NS,208.346,22222,0.345579,2236,1.0218437,73.45
KWALITY.NS,-87.385,-57.869,22222,51,0.428907,2.2
LAKPRE.NS,23.595,1.495,0.19919474,5,0.019879231,4.5
LALPATHLAB.NS,150.773,60.632,26.404926,33180,17.264915,4093.05
LAMBODHARA.NS,64.735,4.307,1.2875569,86,0.73335147,84.7
LAOPALA.NS,59.861,39.911,5.039174,3348,15.847897,302.1
LAXMIMACH.NS,1666.335,75.087,4.9678483,8843,4.3861637,8161.25
LFIC.NS,125.277,1.661,0.63818574,23,1.7040596,80.6
LGBBROSLTD.NS,280.095,4.853,1.4950285,1314,0.7275127,418.5
LGBFORGE.NS,1.271,22.5,5.5468135,171,1.8587615,7.05
LIBERTSHOE.NS,101.968,9.429,1.6446335,285,0.62384444,174.95
LICHSGFIN.NS,408.506,22222,1.0226288,21082,3.8337302,416.95
LINCOLN.NS,187.751,6.139,2.0468597,768,1.7366332,394.4
LINCPEN.NS,86.759,33.399,2.528844,327,1.2775159,225.1
LINDEINDIA.NS,261.981,38.252,10.149974,22678,12.555182,2696.65
LOKESHMACH.NS,79.835,6.237,0.687042,99,0.66061574,57.65
LOTUSEYE.NS,26.198,97.568,1.7902131,97,3.2543552,47.95
LOVABLE.NS,111.621,-36.372,1.0190735,168,2.5758507,115.25
LPDC.NS,2.525,-141.497,1.861386,66,65.59163,4.55
LT.NS,540.304,16.609,3.17636,241057,1.6368207,1721.25
LUMAXIND.NS,492.616,17.257,2.979806,1375,0.96440583,1473.2
LUMAXTECH.NS,77.753,7.933,1.7922139,949,0.7320475,141.1
LUPIN.NS,304.331,15.809,3.124723,43223,2.7175808,968.1
LUXIND.NS,226.317,25.346,17.67565,10101,5.1738048,4034.75
LYKALABS.NS,-8.864,8.328,22222,243,2.4313288,86.75
LYPSAGEMS.NS,34.06,-1.255,0.13945977,14,1.6650892,4.65
MAANALU.NS,94.75,11.777,1.4422163,92,0.2293083,134.7
MADHAV.NS,123.29,21.213,0.45421365,50,0.80785686,56.1
MADHUCON.NS,-222.991,16.024,22222,35,0.03240477,4.9
MADRASFERT.NS,-40.257,9.529,22222,475,0.26202792,29.7
MAGMA.NS,81.386,22222,2.0826678,13038,10.414227,0
MAGNUM.NS,-11.274,-1032.532,22222,30,0.19027431,8
MAHABANK.NS,18.762,22222,1.028675,12685,2.6786058,19.95
MAHINDCIE.NS,129.495,17.512,1.8224642,8949,1.3607366,227.05
MAHLIFE.NS,325.341,-30.691,0.85187536,1426,8.5822315,274.5
MAHSCOOTER.NS,14220.35,353.08,0.31164846,5064,159.54507,4391.55
MAHSEAMLES.NS,493.04,5.538,0.6475134,2138,0.8421642,324.05
MAITHANALL.NS,473.794,6.218,2.2210076,3061,1.8897718,1072.65
MAJESCO.NS,60.217,6.253,1.460551,251,26.477203,89.25
MALUPAPER.NS,14.647,23.84,2.348604,58,0.34719867,34.85
MANAKALUCO.NS,16.437,21.041,1.3354019,144,0.531014,23.1
MANAKCOAT.NS,15.144,6.94,0.9508716,94,0.21138221,14.05
MANAKSIA.NS,144.672,-1.678,0.4575868,434,0.4511123,67.1
MANAKSTEEL.NS,33.943,5.51,1.0326134,229,0.42970324,35.65
MANALIPETC.NS,28.703,3.128,3.5937011,1774,1.4064075,100.3
MANAPPURAM.NS,76.347,22222,2.1448126,13868,3.2746167,168.05
MANGALAM.NS,82.679,5.548,1.781589,233,0.6154708,148.95
MANGCHEFER.NS,51.13,6.101,1.4453354,877,0.3814476,75
MANGLMCEM.NS,255.382,4.21,1.8955917,1292,0.9958348,487.85
MANGTIMBER.NS,-39.046,-8.578,22222,32,3.640626,17.25
MANINDS.NS,146.249,4.264,0.76000524,635,0.30108267,112.8
MANINFRA.NS,26.921,15.448,3.0385203,2024,4.7395744,83.95
MANPASAND.NS,35.722,-4.182,0.16376463,66,9.644701,5.85
MANUGRAPH.NS,42.959,-2.37,0.29446682,38,0.797855,13.05
MARALOVER.NS,23.559,5.991,3.2726345,320,0.4056876,81
MARICO.NS,25.151,37.627,22.269491,72289,8.982269,562.7
MARKSANS.NS,21.522,10.425,3.3059196,2912,2.1161947,71.05
MARUTI.NS,1738.176,28.07,4.0355234,211892,2.5213952,6930.95
MASTEK.NS,340.246,11.539,8.705466,7475,4.3413167,3043.65
MAWANASUG.NS,67.395,3.827,1.2768011,345,0.24181284,88.75
MAYURUNIQ.NS,137.905,17.329,3.4636161,2129,4.1529436,476.05
MBECL.NS,-1.863,-198.159,22222,160,0.31938303,7.15
MBLINFRA.NS,76.359,-53.386,0.25340825,203,0.9617345,19.25
MCDHOLDING.NS,529.964,13.804,0.12595196,93,10.551798,63.6
MCDOWELL-N.NS,58.036,37.215,12.78086,52650,5.9687204,743.1
MCLEODRUSS.NS,183.537,12.961,0.15255779,293,0.21645173,27.9
MCX.NS,370.716,26.697,4.305587,8140,16.938095,1640.25
MEGASOFT.NS,31.999,62.303,0.6609581,93,1.5989326,20.25
MELSTAR.NS,-2.756,-2.477,22222,5,1.3421046,3.95
MENONBE.NS,17.61,12.411,4.2589436,423,2.8671358,76.55
MEP.NS,6.076,4.174,3.513825,391,0.31037003,22.25
MERCATOR.NS,-39.747,15.336,22222,57,0.1411208,2
METALFORGE.NS,-334.818,-74.643,22222,23,0.15943557,5.4
METKORE.NS,0.557,-8.267,1.1669658,4,-26.20856,0.65
MFSL.NS,114.22,52.988,9.47032,37343,1.1775049,1104.45
MHRIL.NS,6.412,20.555,36.68902,3130,1.732393,229.9
MIC.NS,-6.037,-2.961,22222,29,22.742147,1.3
MINDACORP.NS,47.769,16.406,2.8480814,3252,1.3736517,133.5
MINDAIND.NS,82.981,22.106,8.603777,19708,2.6248486,732.75
MINDTREE.NS,262.162,25.802,15.9603615,68925,8.253907,4180.35
MIRCELECTR.NS,9,23.071,2.0722222,431,0.51087445,18.25
MIRZAINT.NS,51.52,12.18,1.1131599,691,0.70131683,58.95
MMFL.NS,201.87,13.113,4.1127954,2004,2.193569,843.75
MMTC.NS,5.088,-31.962,8.824686,6735,0.27241522,45.7
MOHITIND.NS,38.094,9.459,0.3412611,18,0.12310124,13.3
MOIL.NS,118.837,8.568,1.3707851,3866,3.2836304,169.2
MOLDTKPAC.NS,91.706,15.927,6.1582665,1601,3.3441944,578.5
MONTECARLO.NS,291.61,4.926,1.2154934,734,1.1261455,362.5
MORARJEE.NS,6.112,156.916,2.5687172,57,0.29351795,16.2
MOREPENLAB.NS,9.366,16.937,6.4275036,2707,2.0368702,57.85
MOTHERSUMI.NS,39.779,11.497,5.6059732,70421,1.0884871,224.3
MOTILALOFS.NS,302.44,22222,2.7056606,12047,3.7705126,785.15
MOTOGENFIN.NS,19.68,142.346,1.2779471,97,16.894281,25.75
MPHASIS.NS,349.261,23.906,9.14531,59841,6.1550994,3174.8
MPSLTD.NS,211.046,11.293,3.2999914,1258,2.978394,721
MRF.NS,31627.428,10.508,2.5103922,33696,2.082028,79971.7
MRO-TEK.NS,-3.245,1.782,22222,115,0.97190964,58.7
MRPL.NS,24.22,19.019,1.8538399,7876,0.20237528,45.05
MSPL.NS,15.361,6.512,0.6444893,381,0.19002545,10.05
MTEDUCARE.NS,23.303,-2.764,0.37548813,62,0.6645483,8.95
MTNL.NS,-235.033,52.397,22222,1174,0.8900732,19.55
MUKANDENGG.NS,-36.673,-6.609,22222,32,1.4352365,24.3
MUKANDLTD.NS,32.706,-9.875,4.3707576,2052,0.6401203,143.9
MUKTAARTS.NS,-1.361,18.54,22222,86,1.1821337,38.75
MUNJALAU.NS,28.442,4.751,2.035722,580,0.2460594,59.25
MUNJALSHOW.NS,154.604,9.247,0.87352204,540,0.45355326,136.9
MURUDCERA.NS,66,11.65,0.37954545,131,1.4767698,25.7
MUTHOOTCAP.NS,340.07,22222,1.17961,659,2.0748813,405.5
MUTHOOTFIN.NS,362.752,22222,4.1722717,60723,7.87636,1553.5
MVL.NS,2.553,-66.913,0.019584803,3,Infinity,0.05
NAGREEKCAP.NS,19.377,-2.014,0.3999587,9,0.37211603,7.4
NAGREEKEXP.NS,78.514,13.557,0.42603868,42,0.09403354,33.9
NAHARCAP.NS,623.074,6.445,0.42450818,445,9.600002,272
NAHARINDUS.NS,186.474,12.132,0.6086639,452,0.31941247,116.1
NAHARPOLY.NS,213.643,36.346,1.1231353,589,2.2910843,252.15
NAHARSPING.NS,246.8,9.414,1.5727309,1399,0.662861,401.65
NAKODA.NS,23.442,4.095,0.0021329238,1,0.000523014,0.05
NATCOPHARM.NS,226.299,32.261,4.1423073,17119,8.342225,967.1
NATHBIOGEN.NS,317.54,9.946,1.0650626,642,1.9538622,347
NATIONALUM.NS,53.758,10.126,1.7513673,17291,2.14269,96.4
NATNLSTEEL.NS,-255.452,-102.649,22222,17,0.011090373,4.05
NAUKRI.NS,425.401,269.593,15.549329,85186,76.05132,6858.2
NAVINFLUOR.NS,330.083,52.101,11.694483,19113,14.805765,4028.55
NAVKARCORP.NS,121.21,7.669,0.35310617,644,0.9581426,43.75
NAVNETEDUL.NS,40.455,28.475,2.543567,2353,2.8346539,103.45
NBCC.NS,8.403,79.841,5.2421756,7928,1.1764205,44.75
NBVENTURES.NS,274.683,4.067,0.43668517,1958,0.7683375,116.9
NCC.NS,84.986,7.184,0.9413315,4878,0.5597417,82.9
NCLIND.NS,132.322,4.659,1.8084671,1082,0.61737555,240.75
NDL.NS,94.244,7.729,0.77458507,350,0.314933,74.85
NDTV.NS,17.451,6.375,4.1602197,471,1.243741,73.55
NECCLTD.NS,18.105,11.358,1.1322839,103,0.38595682,21.55
NECLIFE.NS,50.111,10.55,0.58769536,660,0.4292195,30.4
NELCAST.NS,49.205,18.495,1.7061273,732,1.1986864,89.2
NELCO.NS,33.211,16.347,15.360875,1164,5.148066,534.05
NESCO.NS,217.127,15.884,2.7571423,4218,11.858649,598.7
NESTLEIND.NS,209.441,53.678,96.331184,194525,13.856488,20027.85
NETWORK18.NS,5.308,13.412,9.570459,5259,1.1178545,52
NEULANDLAB.NS,612.989,15.316,2.634468,2075,2.2255902,1652.25
NEXTMEDIA.NS,-5.189,-9.937,22222,38,1.8749831,5.1
NFL.NS,21.538,7.731,2.6441638,2793,0.23400968,55.7
NH.NS,50.153,89.515,10.623492,10888,4.341854,538.95
NHPC.NS,33.28,8.837,0.8323318,27824,2.8840141,28.1
NIBL.NS,0.448,24.159,42.633926,46,0.82660306,19.4
NIITLTD.NS,115.314,14.368,2.7893403,4272,4.0733957,324.75
NILAINFRA.NS,3.483,40.682,1.5360321,211,2.1880155,5.45
NILKAMAL.NS,763.602,15.778,3.8025045,4332,1.857121,2870.05
NIPPOBATRY.NS,612.048,7.699,1.7113038,393,0.7397424,1048.35
NITCO.NS,-9.998,-20.87,22222,163,0.4952658,23.2
NITINFIRE.NS,11.778,-11.179,0.12735608,44,0.049853466,1.55
NITINSPIN.NS,100.168,6.596,2.0445652,1153,0.70996505,210.55
NKIND.NS,-564.935,14.161,22222,22,1.0018113,36
NMDC.NS,101.649,3.379,1.4500879,43197,2.1658404,152.1
NOCIL.NS,73.982,22.211,4.0117865,4920,4.2322173,307.45
NRBBEARING.NS,47.129,9.446,2.9270723,1338,1.4862161,139.2
NSIL.NS,6586.523,15.638,0.25867215,876,13.245453,1721.3
NTPC.NS,129.565,8.622,0.955119,119996,1.0414138,124
NUCLEUS.NS,231.46,12.784,2.3410091,1575,3.0686648,542.75
OBEROIRLTY.NS,257.704,23.559,2.8753917,27037,13.172428,771.05
OCCL.NS,533.695,8.198,2.0792773,1110,2.6569107,1143.3
OFSS.NS,795.85,13.275,6.019727,41256,8.114389,4807.3
OIL.NS,255.161,9.354,0.78303504,21657,2.4978979,211.5
OILCOUNTUB.NS,-10.766,-11.55,22222,29,17.103193,6.8
OISL.NS,-31.618,-15.802,22222,27,0.058905203,1.85
OMAXAUTO.NS,118.919,-2.663,0.4074202,103,0.5802245,50.5
OMAXE.NS,81.973,-23.332,0.90212625,1349,2.837149,73.95
OMKARCHEM.NS,-82.479,35.624,22222,39,0.87047434,18.1
ONELIFECAP.NS,61.518,22222,0.28203127,23,3.1402714,17.9
ONGC.NS,167.112,4.998,0.76445735,160778,0.44589803,128.7
ONMOBILE.NS,59.849,16.492,1.99335,1250,2.3187413,122.95
ONWARDTEC.NS,45.721,28.177,4.994423,374,1.5573468,229.3
OPTOCIRCUI.NS,-8.446,-63.554,22222,109,1.0076023,3.7
ORBTEXP.NS,63.074,16.669,1.1787741,203,2.5939145,75.65
ORICONENT.NS,61.383,11.598,0.5367936,519,0.7766215,34.65
ORIENTABRA.NS,20.619,11.338,1.3822203,340,1.1284165,29.4
ORIENTALTL.NS,36.301,11.614,0.23966283,24,0.56253916,8.8
ORIENTBELL.NS,162.407,12.465,2.1113622,492,0.90145296,346.9
ORIENTCEM.NS,63.806,6.078,2.4692035,3231,1.2406142,161.35
ORIENTHOT.NS,25.163,-49.117,1.3889441,624,4.580968,35.7
ORIENTLTD.NS,73.813,28.301,0.9436007,69,0.49056828,70.25
ORIENTPPR.NS,62.041,-22.953,0.4787157,630,1.4214092,30.45
ORIENTREF.NS,35.59,36.046,9.103681,3906,5.925936,325.35
ORISSAMINE.NS,95.134,-54.354,32.72489,1871,22222,3094.55
ORTEL.NS,-20.83,9.649,22222,3,0.05289019,1.2
PAEL.NS,-36.497,-39.729,22222,6,658.46246,6.5
PAGEIND.NS,793.357,62.926,41.74823,36945,12.114677,33152
PANACEABIO.NS,-37.341,39.725,22222,1823,2.9192824,303.55
PANAMAPET.NS,92.738,5.922,3.0871918,1732,0.94238955,286.75
PARABDRUGS.NS,-148.975,-5.442,22222,34,0.46530887,5.5
PARACABLES.NS,10.455,33.373,1.2242947,248,0.4788355,13.15
PARSVNATH.NS,9.558,-634.492,1.7576898,731,1.9893106,17.65
PATELENG.NS,58.65,8.291,0.286445,787,0.37438655,17.35
PATINTLOG.NS,69.965,13.478,0.32587722,59,0.27967983,23.4
PATSPINLTD.NS,4.775,855.755,2.0732982,30,0.20177777,9.45
PCJEWELLER.NS,105.318,8.155,0.2406996,1179,0.41743,25.5
PDMJEPAPER.NS,32.686,3.931,1.2084684,375,0.7764896,40.05
PDPL.NS,-210.694,-13.996,22222,12,1.0067594,3.75
PDSMFL.NS,248.37,11.092,5.2733827,3411,0.49247202,1350.8
PEARLPOLY.NS,17.641,-27.689,0.906978,26,0.2350121,15.9
PEL.NS,1434.661,12.677,1.8364617,62476,4.8110504,2648.65
PENIND.NS,40.393,9.254,0.7427029,426,0.30035284,31
PENINLAND.NS,0.69,-42.197,16.521738,320,1.2156183,11.95
PERSISTENT.NS,365.805,30.657,9.67182,27039,6.1085734,3695.4
PETRONET.NS,78.661,6.596,2.9519074,34829,1.3384365,232.8
PFC.NS,230.228,22222,0.6007089,36541,1.52267,136.35
PFIZER.NS,523.113,34.213,11.225587,26864,10.863745,6011
PFOCUS.NS,13.113,8.407,6.6231985,2598,1.0333209,89.25
PFS.NS,33.178,22222,0.54403514,1162,2.9957075,18.45
PGEL.NS,87.551,26.232,4.6310153,798,1.437317,407
PGHH.NS,407.443,43.509,34.172142,45195,13.20708,14073.6
PGIL.NS,237.334,12.378,1.3695889,706,0.47366324,324.95
PHILIPCARB.NS,112.307,9.48,2.238062,4331,1.6287584,254.45
PHOENIXLTD.NS,290.63,38.463,2.9281216,14622,12.795099,866.6
PIDILITIND.NS,110.146,61.582,21.502823,120353,14.410728,2401.05
PIIND.NS,355.368,39.341,9.748345,52557,11.482887,3453.95
PILANIINVS.NS,5908.089,13.702,0.320222,2094,9.641924,1888.25
PILITA.NS,2.724,21.463,2.7165933,173,3.0286827,7.6
PIONDIST.NS,-170.132,-25.443,22222,198,1.1872009,148.05
PIONEEREMB.NS,41.679,6.465,1.5427434,171,0.64305484,66.25
PKTEA.NS,583.162,3.796,0.5830284,105,1.506222,335.25
PLASTIBLEN.NS,127.005,11.114,2.1861343,722,1.1512371,289.3
PNB.NS,88.467,22222,0.44932008,43768,1.9114318,41.8
PNBGILTS.NS,71.417,22222,0.9479535,1218,1.5330064,68.95
PNC.NS,57.012,21.056,0.6937136,57,5.343886,41.55
PNCINFRA.NS,106.408,6.971,3.5020864,9559,1.5526259,370.35
POLYMED.NS,105.887,38.32,8.984105,9128,11.024573,956.25
POLYPLEX.NS,1010.39,5.018,1.7254723,5489,1.116211,1773.05
PONNIERODE.NS,379.642,6.572,0.6438961,210,0.80997443,245.85
POWERGRID.NS,133.675,6.863,1.3375725,93540,2.3154318,179.45
POWERMECH.NS,589.088,35.419,1.4675226,1271,0.73790693,880
PPAP.NS,208.19,10.014,1.1619194,338,1.0508317,244.45
PRADIP.NS,-212.761,-9.884,22222,4,0.17092709,0.95
PRAENG.NS,83.035,54.269,0.25772265,149,3.8877928,20.4
PRAJIND.NS,43.784,52.348,7.8087883,6279,4.813078,341.7
PRAKASH.NS,168.365,4.903,0.4219998,1272,0.34224492,71.7
PRAKASHSTL.NS,-16.139,240.613,22222,39,1.669074,2.35
PRECAM.NS,67.745,8.372,1.288656,829,1.169607,81.65
PRECOT.NS,253.137,5.712,0.89892036,273,0.434978,236.3
PRECWIRE.NS,126.27,5.898,1.9446425,568,0.27135593,256.25
PREMIER.NS,-78.911,-1.59,22222,11,5.5429997,3.55
PREMIERPOL.NS,22.865,8.938,2.9805381,142,0.7468691,71
PRESSMN.NS,17.038,6.689,1.6287123,65,3.4573655,28.2
PRESTIGE.NS,166.495,6.643,2.4661403,16516,2.2736175,425.8
PRIMESECU.NS,19.103,22222,4.3291626,221,5.270202,83.85
PROZONINTU.NS,31.251,77.481,0.89757127,429,11.983789,28.3
PSB.NS,87.275,22222,0.20452592,7234,-15.42849,18.6
PSL.NS,-237.725,-194.752,22222,6,0.039606392,0.45
PTC.NS,145.501,5.847,0.6793767,2928,0.15964715,100.25
PTL.NS,89.947,6.119,0.5169711,307,4.868226,47.2
PUNJABCHEM.NS,117.939,17.726,15.186664,2196,3.238495,1776.1
PUNJLLOYD.NS,-61.115,-13.582,22222,62,0.012220618,1.8
PURVA.NS,78.878,18.756,1.3400441,2508,2.6110609,108.5
PVP.NS,1.475,-5.285,3.0508473,110,5.4317,4.7
PVR.NS,320.742,-18.852,4.3399367,8460,25.896824,1407.5
QUICKHEAL.NS,117.095,10.399,1.9740381,1484,4.4563646,235.65
QUINTEGRA.NS,-4.822,22222,22222,2,22222,1.1
RADAAN.NS,-0.558,-4.028,22222,8,0.94982046,1.45
RADICO.NS,134.347,27.649,6.884039,12353,4.729796,907.2
RAIN.NS,164.518,7.205,1.4448266,7996,0.6743958,237.9
RAINBOWPAP.NS,-22.356,-720.306,22222,1,408.52695,0.15
RAJESHEXPO.NS,366.227,15.266,1.5882227,17179,0.071183585,613.75
RAJRAYON.NS,-17.166,-3513.22,22222,8,-1804.448,0.25
RAJSREESUG.NS,1.598,10.741,16.770962,75,0.21846238,27.35
RAJTV.NS,25.557,62.901,1.4164418,188,2.958635,37.15
RAJVIR.NS,-281.624,-6.709,22222,3,0.20674762,7.25
RALLIS.NS,82.283,17.533,3.5444746,5667,2.2605493,292.9
RAMANEWS.NS,22.514,-93.447,0.83059436,275,0.84604496,19.05
RAMASTEEL.NS,66.296,12.071,3.8622239,430,0.9140706,258.85
RAMCOCEM.NS,238.644,17.603,4.238531,23860,4.5377264,1032.7
RAMCOIND.NS,416.944,12.143,0.7225191,2611,1.9732163,309.85
RAMCOSYS.NS,212.704,20.67,2.3734863,1550,2.494995,506.75
RAMKY.NS,45.734,18.055,3.3159134,1049,0.97045547,154
RAMSARUP.NS,-461.308,-683.439,22222,5,18.324041,1.3
RANASUG.NS,21.825,3.629,1.1844215,396,0.3234617,26.25
RANEENGINE.NS,156.409,21.711,1.9570485,205,0.592704,313.55
RANEHOLDIN.NS,531.558,9.967,1.1741899,891,0.375944,632.8
RATNAMANI.NS,425.202,22.459,5.159665,10251,4.4608655,2151.9
RAYMOND.NS,301.149,58.153,1.3906738,2783,0.67738247,426
RBL.NS,306.218,9.945,3.0154989,715,1.4879088,932.05
RCF.NS,60.367,4.395,1.2266636,4085,0.4513674,75.6
RCOM.NS,-185.501,-685.741,22222,995,1.3860596,3.4
RECLTD.NS,221.599,22222,0.7087126,31026,2.2024083,156.3
REDINGTON.NS,126.723,6.014,1.1316019,5601,0.09374041,145.15
REFEX.NS,58.056,6.661,2.6138556,318,0.5275909,158.5
REGENCERAM.NS,-25.365,-90.035,22222,5,147.40508,1.9
RELAXO.NS,55.26,63.465,21.204308,29116,11.680552,1193.9
RELCAPITAL.NS,-455.418,23.058,22222,539,0.03553035,21.65
RELIANCE.NS,1086.227,18.69,2.200783,1616506,3.1169388,2428.2
RELIGARE.NS,5.72,22222,30.489511,4524,1.699165,171.05
RELINFRA.NS,350.078,2.714,0.27008268,2490,0.14224981,90.05
REMSONSIND.NS,41.579,21.778,5.497968,130,0.76557463,231.85
RENUKA.NS,-2.638,21.806,22222,6193,1.0965577,30.1
REPCOHOME.NS,314.472,22222,0.9859384,1939,3.7653425,301.75
RESPONIND.NS,36.991,27.763,3.3859587,3343,4.2968755,132.45
REVATHI.NS,874.101,160.696,0.68968,184,1.397802,629.35
RICOAUTO.NS,44.078,8.946,1.090113,650,0.37749162,49.45
RIIL.NS,272.628,122.778,2.467465,1015,17.811588,696.25
RKDL.NS,25.381,-11.877,0.48658445,29,65.618774,12.7
RKFORGE.NS,276.317,13.872,3.787317,3346,2.5963254,1039.95
RMCL.NS,-3.451,-0.352,22222,19,1.282827,2.1
RML.NS,124.947,33.176,3.0797057,527,0.41658458,393.35
ROHITFERRO.NS,-176.965,-31.93,22222,66,0.122170046,4.5
ROHLTD.NS,51.201,-64.057,1.6142263,226,2.4910493,81.95
ROLTA.NS,-302.865,-377.701,22222,97,0.07304491,6
ROSSELLIND.NS,63.423,8.852,2.6693788,619,1.9985731,172.9
RPGLIFE.NS,130.746,10.101,4.9718537,1075,2.7628043,678
RPOWER.NS,43.711,6.398,0.31456614,3936,0.49619862,14.05
RPPINFRA.NS,121.126,3.322,0.63570166,182,0.35491338,86.85
RSSOFTWARE.NS,21.226,-4.42,1.5829642,86,2.3616805,34.5
RSWM.NS,336.234,8.928,0.9169209,726,0.3121517,320.35
RSYSTEMS.NS,37.417,14.222,5.628458,2523,2.5689528,214.2
RTNPOWER.NS,-1.272,18.273,22222,2520,1.6158031,4.6
RUBYMILLS.NS,281.021,19.461,1.0082877,473,3.841467,293.7
RUCHINFRA.NS,9.16,10.602,0.7805677,148,2.3859277,7.2
RUCHIRA.NS,111.366,11.924,0.7138624,193,0.46583456,81.55
RUPA.NS,91.773,13.949,5.365412,3919,2.9665194,483.85
RUSHIL.NS,155.343,16.544,1.6894872,522,1.3853445,274.75
SABTN.NS,-13.604,-158.208,22222,6,-23.991829,1.8
SADBHAV.NS,86.257,9.645,0.59299535,877,0.39010724,52.5
SADBHIN.NS,8.178,11.581,2.1765711,626,0.5005912,17.4
SAGCEM.NS,433.966,9.482,0.64751613,662,0.44185033,275.95
SAIL.NS,98.682,4.119,1.1668795,47544,0.58922946,119.6
SAKHTISUG.NS,-22.597,52.172,22222,184,0.29178256,16.05
SAKSOFT.NS,260.473,7.027,3.6234083,990,2.566171,988.5
SAKUMA.NS,15.927,16.428,0.7126264,267,0.20117992,11.65
SALSTEEL.NS,1.224,13.325,8.619282,91,0.30423415,10.8
SALZERELEC.NS,207.83,6.128,0.76095843,252,0.37164468,160.4
SAMBHAAV.NS,4.622,17.985,0.627434,55,1.3260415,2.9
SANDESH.NS,1098.592,3.145,0.7257471,613,1.9128494,796
SANGAMIND.NS,136.685,5.66,1.1694773,694,0.41780692,159.05
SANGHIIND.NS,71.774,11.134,0.9369688,1687,1.7971916,68.9
SANGHVIMOV.NS,163.588,11.39,1.070372,758,3.3863695,177.05
SANOFI.NS,920.079,22.874,8.603935,18234,6.4149737,8049.45
SANWARIA.NS,-7.692,22222,22222,51,119.247856,0.7
SARDAEN.NS,616.12,5.573,1.1482341,2556,0.95270866,726.9
SAREGAMA.NS,294.293,31.31,13.0147505,6658,15.065551,4031.7
SARLAPOLY.NS,39.134,7.093,1.2521082,409,1.7233127,50.5
SASKEN.NS,375.935,8.67,3.7803078,2140,4.5124965,1385.7
SATHAISPAT.NS,-159.039,-74.944,22222,17,0.6657101,3.5
SATIN.NS,268.281,22222,0.29111266,562,0.72694945,78.25
SBIN.NS,308.766,22222,1.4706931,405266,2.3379586,463.7
SCHNEIDER.NS,-0.848,69.371,22222,2857,2.2304566,118.3
SCI.NS,170.321,6.759,0.6578754,5214,1.4080554,114.6
SDBL.NS,42.604,-68.892,0.94709414,263,0.9087265,41.25
SEAMECLTD.NS,260.439,26.824,4.361866,2899,11.289441,1143.8
SELAN.NS,217.879,1.597,0.66183525,219,3.8527687,149.6
SELMCL.NS,-104173.86,-98.387,22222,0,0.00017693946,1.35
SEPOWER.NS,2.626,-59.932,3.065499,32,1.3559744,8.2
SEQUENT.NS,30.267,28.463,7.2289953,5437,3.920628,227.25
SESHAPAPER.NS,189.706,9.407,0.92458856,1109,1.2884461,180.3
SGL.NS,-4.622,96.185,22222,37,0.5470891,13
SHAHALLOYS.NS,-9.061,13.789,22222,34,0.06786059,16.35
SHAKTIPUMP.NS,185.275,10.27,3.8612876,1314,1.4086925,736.55
SHALPAINTS.NS,47.788,194.098,2.0046875,527,1.6195484,97.05
SHANTIGEAR.NS,30.963,32.753,5.5001135,1307,5.081553,171.6
SHARDACROP.NS,178.897,6.75,1.8899143,3050,1.2733116,327.8
SHARDAMOTR.NS,125.878,11.415,4.931362,1845,1.399464,620.9
SHARONBIO.NS,-534.643,32.475,22222,3,0.022178581,3.3
SHEMAROO.NS,211.49,23.029,0.7215471,414,1.3841906,154.05
SHILPAMED.NS,181.371,27.549,3.140524,4645,5.15516,580.4
SHIRPUR-G.NS,32.641,-2.601,0.15164976,14,0.003341605,4.95
SHIVAMAUTO.NS,11.325,6.937,1.9690949,222,0.45424157,23
SHK.NS,69.005,11.63,2.4396784,2379,1.7997195,170.2
SHOPERSTOP.NS,10.93,-31.012,23.723694,2835,1.4935316,264.75
SHREECEM.NS,4267.491,24.875,7.160987,110318,8.186063,30660.65
SHREEPUSHK.NS,109.837,14.234,1.9852145,672,1.8944036,226.25
SHREERAMA.NS,4.093,12.802,2.882971,74,0.551484,11.95
SHREYANIND.NS,159.707,19.966,0.7438622,165,0.38864174,122.55
SHREYAS.NS,170.856,6.456,2.2428243,842,1.4941058,403.35
SHRIRAMCIT.NS,1270.71,22222,1.8844584,15805,4.1386423,2471.5
SHRIRAMEPC.NS,11.458,-14.971,0.4756502,529,1.0140452,5.7
SHYAMTEL.NS,-12.744,-3.2,22222,10,23.573984,8.65
SICAGEN.NS,99.454,6.943,0.24735053,97,0.15753882,24.35
SICAL.NS,76.456,-931.912,0.16349272,73,0.13369422,11.4
SIEMENS.NS,277.654,45.374,7.85348,77653,6.9468923,2199.6
SIL.NS,-7.793,2.618,22222,97,7.506522,14.8
SILINV.NS,922.042,22222,0.30042017,292,10.944608,281.95
SIMBHALS.NS,-12.889,34.681,22222,112,0.088812344,28.25
SIMPLEXINF.NS,262.117,210.719,0.17854622,267,0.12155666,46.95
SINTEX.NS,36.928,222.443,0.10290294,227,0.16049087,3.8
SITASHREE.NS,-56.355,-280.239,22222,0,1.684879,0.3
SIYSIL.NS,163.657,40.338,2.3087924,1777,1.6315415,382.15
SJVN.NS,31.758,5.816,0.85647714,10689,4.300756,27.55
SKFINDIA.NS,316.245,28.346,9.58782,14990,4.8938947,3159.55
SKIL.NS,9.578,-0.573,0.39674252,82,2.5546088,3.8
SKIPPER.NS,68.989,8.967,1.2030904,852,0.5391591,85.35
SKMEGGPROD.NS,43.661,7.992,1.9399464,223,0.8287443,83.1
SMARTLINK.NS,140.101,13.306,0.7994233,148,2.1186233,115.6
SMLISUZU.NS,205.027,-19.879,2.7020833,801,1.2097659,565.45
SMPL.NS,-42.042,-220.391,22222,15,0.78183866,0.5
SMSPHARMA.NS,48.439,13.846,3.3134458,1358,2.3977969,160.2
SNOWMAN.NS,25.127,16.548,1.7451346,732,3.0901558,44.65
SOBHA.NS,256.333,13.97,2.8923314,7031,3.0949078,766.4
SOLARINDS.NS,174.565,30.449,11.337324,17908,6.2844405,1963.25
SOMANYCERA.NS,154.564,14.534,4.4276156,2908,1.606158,698.6
SOMATEX.NS,-18.035,-14.702,22222,27,1.8018246,9.1
SONATSOFTW.NS,87.102,21.333,10.054878,9209,2.0267298,861.85
SOTL.NS,651.397,10.097,2.455415,2210,1.2784973,1627.95
SOUTHBANK.NS,34.222,22222,0.30389807,2176,1.0559446,10.8
SPARC.NS,-6.407,-48.729,22222,7624,29.51025,300.15
SPECIALITY.NS,27.609,-16.216,2.6820967,347,2.3159835,74.05
SPENTEX.NS,-99.772,-13.407,22222,11,0.102992855,1.3
SPIC.NS,22.949,3.299,2.2942178,1073,0.6309212,55.15
SPLIL.NS,48.926,4.682,1.0004905,141,1.2524285,49.55
SPMLINFRA.NS,92.522,-348.265,0.11943105,40,0.059765827,11.15
SPYL.NS,-2.974,-22.949,22222,25,0.6245274,0.75
SREEL.NS,132.309,28.146,1.3986199,429,5.0589743,184.9
SREINFRA.NS,77.335,22222,0.1163768,452,4.694913,9.2
SRF.NS,1494.98,20.369,7.424213,65756,7.8281226,11324.75
SRHHYPOLTD.NS,208.347,3.51,1.5987751,569,0.72608566,348.55
SRIPIPES.NS,318.507,3.829,0.68318754,1016,0.5856404,225.95
SRSLTD.NS,-45.699,34.588,22222,4,0.036766797,0.15
SRTRANSFIN.NS,858.182,22222,1.5856776,36339,4.241202,1406.4
SSWL.NS,480.09,11.855,3.6130726,2707,1.1735151,1797.95
STAR.NS,299.957,16.734,2.0316246,5463,1.6955919,618.5
STARPAPER.NS,311.214,6.272,0.47427174,232,0.9968635,150.25
STCINDIA.NS,-774.918,-73.676,22222,620,2.4828532,104.5
STEL.NS,339.011,18.159,0.5225494,326,30.139782,183.5
STERTOOLS.NS,92.014,10.34,2.1594539,715,1.6956946,201.45
STINDIA.NS,-9.169,-11.111,22222,13,0.27013943,2.85
SUBROS.NS,113.683,17.068,2.7299597,2024,1.2701912,312.7
SUDARSCHEM.NS,107.178,18.364,6.1393194,4555,2.443603,677
SUMEETINDS.NS,-7.399,17.438,22222,73,0.103666335,7.05
SUMMITSEC.NS,4531.417,24.323,0.17099507,844,29.16247,789.75
SUNCLAYLTD.NS,1435.614,7.64,2.4080987,6994,0.30085164,3490.75
SUNDARAM.NS,1.865,-43.832,1.1260053,103,1.8580601,2.1
SUNDARMFIN.NS,653.657,22222,3.8235652,27768,10.081308,2547.1
SUNDRMBRAK.NS,229.34,25.685,1.777274,160,0.6771185,414.35
SUNDRMFAST.NS,98.778,24.751,9.145255,18981,5.2086725,937.45
SUNFLAG.NS,77.712,8.729,1.0744802,1503,0.8575843,82
SUNPHARMA.NS,192.263,19.504,4.0044107,184724,5.184282,781.05
SUNTECK.NS,201.587,50.575,2.1499403,6344,11.926477,439.3
SUNTV.NS,179.143,8.432,2.7528286,19446,6.1212792,502.65
SUPERHOUSE.NS,329.689,4.314,0.5370213,194,0.36291936,170.85
SUPERSPIN.NS,18.92,17.026,0.628964,65,1.067629,12
SUPPETRO.NS,113.256,6.209,6.2720737,6705,1.7025015,697.45
SUPRAJIT.NS,63.536,15.796,5.137245,4561,2.499609,326
SUPREMEIND.NS,249.491,19.065,9.01295,28577,4.3004956,2302.75
SUPREMEINF.NS,-1210.245,-134.208,22222,47,0.24598229,18.55
SURANASOL.NS,8.299,14.882,1.5242801,62,2.238774,12.8
SURYALAXMI.NS,139.317,5.542,0.4299547,100,0.16825803,60
SURYAROSNI.NS,233.02,8.84,3.3228905,4205,0.68623525,654.4
SUTLEJTEX.NS,44.413,8.871,1.4331391,1043,0.45809817,66.65
SUVEN.NS,8.496,-9.49,10.140066,1096,74.845184,85.95
SUZLON.NS,-20.645,20.109,22222,5753,1.7462386,6.5
SWANENERGY.NS,37.304,107.346,3.4607549,3153,9.342014,132.9
SWARAJENG.NS,231.281,11.157,7.067377,1985,1.6766022,1664.35
SWELECTES.NS,495.145,14.326,0.45956236,344,1.3658978,231.75
SYMPHONY.NS,110.79,43.806,9.272046,7186,7.364253,994.65
SYNCOM.NS,-3.726,-8.009,22222,17,4.6771827,4.2
SYNGENE.NS,70.974,35.655,9.114606,25927,10.999304,659.1
TAINWALCHM.NS,104.046,-29.113,0.7563962,73,11.394269,80
TAJGVK.NS,59.444,95.171,2.1995492,819,6.919498,131.4
TAKE.NS,82.933,-5.653,0.63183534,775,0.83921915,53.3
TALBROAUTO.NS,200.482,7.403,1.3799244,341,0.769032,280.4
TALWALKARS.NS,74.074,11.081,0.01957502,4,0.049702175,1.45
TANLA.NS,65.672,25.109,12.701761,11362,4.852926,836.15
TANTIACONS.NS,85.253,-1.148,0.0791761,19,0.14507882,6.8
TARAPUR.NS,5.952,-1.766,0.73084676,8,2.0797696,4.3
TARMAT.NS,43.267,13.509,1.4618531,83,0.29118493,64.1
TATACHEM.NS,560.927,15.142,1.5055435,21517,1.9870183,865.4
TATACOFFEE.NS,73.334,14.341,2.8417923,3895,1.7706914,212.35
TATACOMM.NS,4.051,13.795,347.2846,40129,2.346749,1382.5
TATAELXSI.NS,217.124,51.889,25.288084,34203,17.239607,5153.6
TATAINVEST.NS,2814.286,36.193,0.46247968,6585,33.90463,1284.15
TATAMETALI.NS,411.737,7.918,2.4920034,3244,1.4044156,1062.55
TATAMOTORS.NS,175.341,22222,1.759999,109876,0.43986803,311.65
TATAMTRDVR.NS,175.341,22222,0.83579993,110471,0.44224945,157
TATAPOWER.NS,70.05,11.64,1.9685937,44104,1.2257082,140.25
TATASTEEL.NS,549.901,5.716,2.5202718,158650,0.8613368,1436.75
TBZ.NS,78.185,6.565,0.972693,507,0.3485012,77.45
TCI.NS,152.075,10.775,2.8012495,3284,1.0576013,428
TCIDEVELOP.NS,231.763,31.527,1.5444658,133,12.65979,325.45
TCIFINANCE.NS,-30.672,22222,22222,7,-0.60002327,5.7
TCS.NS,233.663,27.325,16.381927,1415940,8.267496,3903.3
TDPOWERSYS.NS,154.298,7.021,2.048309,980,1.65198,319.8
TEAMLEASE.NS,381.296,58.961,12.19761,7951,1.6289299,4691.65
TECHIN.NS,9.612,-213.878,0.77507275,11,481.76028,7.7
TECHM.NS,284.428,16.93,5.1034007,140653,3.611466,1448.35
TECHNOFAB.NS,-60.331,-4.91,22222,6,0.24771118,6.15
TEXINFRA.NS,49.296,-1216.645,1.1968516,751,50.976673,59.95
TEXMOPIPES.NS,81.478,5.549,0.62777686,149,0.35342252,53.45
TEXRAIL.NS,45.273,12.412,0.78634065,894,0.5298132,35.9
TFCILTD.NS,93.954,22222,0.72641927,551,5.001408,67.7
TFL.NS,7.272,22222,0.80445546,14,2.1833649,5.65
TGBHOTELS.NS,33.472,12.853,0.28083172,27,1.1940526,9.7
THANGAMAYL.NS,193.052,13.783,5.6013403,1483,0.76376307,1118.9
THEMISMED.NS,237.699,12.87,4.255592,930,3.1559644,1029.15
THERMAX.NS,271.77,53.959,5.4327188,17592,3.8753276,1472.8
THIRUSUGAR.NS,190.481,-0.082,0.0356991,7,0.020003509,6.8
THOMASCOOK.NS,52.252,-6.261,1.2411008,2405,2.250061,64.45
THOMASCOTT.NS,9.204,6.409,1.9665363,6,0.23022547,18
TI.NS,-4.446,14.885,22222,560,1.0207525,41
TIDEWATER.NS,2166.885,24.692,0.8886489,672,0.5341104,1890.95
TIIL.NS,406.382,7.978,2.1127903,2100,1.4738712,862.65
TIJARIA.NS,4.612,-21.983,1.3226366,17,0.27958393,6.2
TIL.NS,229.212,-18.66,0.6923721,160,0.5129187,160.1
TIMESGTY.NS,45.682,22222,0.950046,39,4.4665713,45.55
TIMETECHNO.NS,79.747,7.58,0.92918855,1676,0.5641332,72.15
TIMKEN.NS,178.695,44.391,9.417163,12657,8.973857,1698.65
TINPLATE.NS,80.909,7.336,3.486015,2952,1.065931,285.8
TIPSINDLTD.NS,79.81,24.001,15.263125,1579,15.237435,1267.35
TIRUMALCHM.NS,78.421,5.023,3.5851367,2878,2.1021934,240.15
TITAN.NS,84.541,86.725,24.787973,186047,8.0407715,2108.7
TNPETRO.NS,56.106,3.602,2.177129,1099,0.79241616,121.85
TNPL.NS,236.488,12.711,0.55922496,915,0.31522638,132
TNTELE.NS,-27.084,-48.248,22222,54,836.32416,11.45
TOKYOPLAST.NS,66.437,1.078,1.5699085,99,1.4944649,105.15
TORNTPHARM.NS,345.235,22.466,8.971281,52411,6.4843316,3114.25
TORNTPOWER.NS,202.361,9.469,2.3813877,23146,1.8872792,495
TREEHOUSE.NS,72.959,-40.804,0.12609822,38,18.014132,9.65
TRENT.NS,65.066,641.962,15.099283,34886,12.298983,995.75
TRF.NS,-245.984,-9.815,22222,131,1.156459,122.6
TRIDENT.NS,6.366,11.004,3.730757,12102,2.281647,24.6
TRIGYN.NS,181.18,2.393,0.63196826,352,0.35784972,119.1
TRIL.NS,25.614,9.621,1.0951042,372,0.5018821,29.5
TRITURBINE.NS,17.978,24.508,7.731672,4497,6.6341343,138.55
TRIVENI.NS,58.771,9.996,3.0329585,4309,0.9219354,178.3
TTKHLTCARE.NS,208.428,17.918,3.2716336,965,1.3975093,721.95
TTKPRESTIG.NS,970.919,33.051,9.443167,12718,5.3861,9150.45
TTL.NS,32.112,11.237,1.9649975,136,0.34623805,65.95
TTML.NS,-94.586,62.253,22222,7393,7.0837593,36.1
TV18BRDCST.NS,24.509,11.238,1.5157697,6368,1.4160484,38.2
TVSELECT.NS,38.464,69.081,4.497712,323,1.4419311,178.1
TVSMOTOR.NS,80.593,17.713,6.78843,25992,1.3351117,544.7
TVSSRICHAK.NS,1077.117,6.024,2.0277278,1672,0.7500959,2165.5
TVTODAY.NS,150.746,6.39,2.03488,1830,2.3376515,299.95
TWL.NS,70.406,13.308,1.3109679,1101,0.7246631,93.05
UBL.NS,135.485,62.824,11.7699375,42169,8.685505,1601.95
UCALFUEL.NS,141.274,5.613,1.0808783,337,0.4283462,156.3
UCOBANK.NS,22.598,22222,0.61509866,16630,4.266951,14.35
UFLEX.NS,707.511,3.612,0.7904471,4044,0.41887736,545.9
UFO.NS,112.05,-2.782,0.89915216,285,3.1492205,96.7
UGARSUGAR.NS,7.161,13.923,3.8262813,308,0.32260135,28.3
UJAAS.NS,9.732,-7.522,0.28771064,56,1.5980098,2.8
ULTRACEMCO.NS,1531.356,18.546,5.0359616,222445,4.973533,7765.45
UMANGDAIRY.NS,27.822,14.258,2.7496226,168,0.6806682,76.65
UMESLTD.NS,5.29,280.049,0.81285447,11,18.499664,4.25
UNICHEMLAB.NS,375.453,27.735,0.72938555,1928,1.5865521,278.1
UNIENTER.NS,403.048,-340.121,0.33420336,937,665.1853,137.8
UNIONBANK.NS,100.833,22222,0.35603425,24536,1.0156072,36.7
UNIPLY.NS,36.752,-2,0.10883762,66,122.54833,4
UNITECH.NS,17.628,-16.148,0.10494667,484,0.2820156,1.85
UNITEDTEA.NS,333.69,16.556,1.2442687,207,2.8969831,410
UNITY.NS,-91.251,-0.013,22222,11,0.046430044,0.85
UNIVCABLES.NS,297.698,9.676,0.5685292,587,0.43376294,173.25
UPL.NS,249.237,10.067,2.9784904,56718,1.4404428,754
USHAMART.NS,46.142,6.33,1.5517316,2184,1.0413593,70
UTTAMSTL.NS,-262.062,-453.665,22222,62,0.09518722,4.4
UTTAMSUGAR.NS,88.647,6.609,2.1083622,712,0.3919526,192.1
V2RETAIL.NS,77.064,54.174,1.5701234,412,0.86278236,121.6
VADILALIND.NS,328.158,17.826,3.2109532,758,1.5781641,1073.85
VAIBHAVGBL.NS,59.491,32.579,12.070733,11719,4.360738,744.3
VAKRANGEE.NS,25.627,62.352,1.625239,4417,11.030249,43
VARDHACRLC.NS,49.514,2.208,1.3268974,527,1.8843979,66.65
VARDMNPOLY.NS,-149.272,34.499,22222,52,0.10281251,23.85
VEDL.NS,168.185,4.114,1.7956418,112281,1.2926273,309.1
VENKEYS.NS,652.831,12.4,4.6872773,4305,1.3814737,2894.4
VENUSREM.NS,324.354,8.119,1.4390142,623,1.1382568,471.7
VESUVIUS.NS,414.76,19.057,2.75786,2321,2.3997533,1171.85
VETO.NS,94.809,8.356,1.0985245,199,0.99426275,106.15
VGUARD.NS,28.211,35.586,9.202085,11176,4.1070137,254.95
VHL.NS,7224.379,48.788,0.42847973,987,46.977707,3161.65
VICEROY.NS,-96.868,-31.49,22222,13,0.3448357,3.2
VIDEOIND.NS,-327.232,-0.191,22222,230,0.2533152,7.35
VIKASECO.NS,4.528,4.619,0.4637809,85,0.7102433,2.1
VIMALOIL.NS,-430.794,235.849,22222,4,0.23460604,3.15
VIMTALABS.NS,87.925,9.825,3.2533407,633,2.6436245,293.3
VINATIORGA.NS,150.163,53.871,12.367561,19098,17.220404,1899.65
VINDHYATEL.NS,2180.175,10.954,0.5206004,1355,0.90235233,1184.8
VINYLINDIA.NS,37.119,13.547,5.9484363,404,1.0018084,226.85
VIPIND.NS,36.777,-152.207,13.561465,7039,8.974131,492.95
VIPULLTD.NS,25.094,-10.682,1.227385,374,8.879798,31.25
VISAKAIND.NS,380.39,6.74,1.8126132,1136,0.9388964,697.85
VISASTEEL.NS,-106.571,594.951,22222,120,0.10707861,10.7
VISESHINFO.NS,1.267,-7.062,0.1578532,83,224.64343,0.2
VISHNU.NS,164.19,12.193,4.37755,858,1.1846348,729.3
VIVIDHA.NS,0.641,-1.852,1.24805,23,3.8505836,0.75
VIVIMEDLAB.NS,61.244,59.729,0.35513684,180,0.29424968,21.55
VLSFINANCE.NS,513.789,22222,0.3837178,762,2.5290635,203.5
VMART.NS,430.884,42.363,7.9451776,6747,6.2745175,3494.35
VOLTAMP.NS,762.914,18.152,1.8641027,1438,2.078265,1421.5
VOLTAS.NS,132.626,43.224,9.45629,41497,5.158843,1248
VRLLOG.NS,67.644,10.835,5.0861864,3039,1.7241019,347.25
VSSL.NS,101.178,9.633,2.4748461,1013,1.0815527,260.05
VSTIND.NS,609.097,9.796,5.7104206,5370,4.834409,3565.6
VSTTILLERS.NS,772.693,14.215,3.3854325,2260,2.9583359,2621.8
VTL.NS,1070.089,10.233,1.7866739,11001,1.9004852,1868.8
WABAG.NS,241.173,8.73,1.4553868,2182,0.77011496,344.2
WABCOINDIA.NS,1052.4,45.823,6.8070126,13587,6.2060375,7322.7
WALCHANNAG.NS,61.692,28.173,0.8826104,207,0.6365687,56.95
WANBURY.NS,-62.112,16.578,22222,267,0.68167686,82
WEBELSOLAR.NS,65.936,7.468,1.001729,205,1.1594043,68.15
WEIZMANIND.NS,32.307,12.43,1.4981275,83,0.9518784,48.6
WELCORP.NS,129.823,1.982,0.93665993,3173,0.59037465,123.9
WELENT.NS,113.347,20.298,0.898127,1515,0.9905917,96.65
WELINV.NS,372.604,22222,0.8915632,123,237.36899,332.15
WELSPUNIND.NS,36.275,9.323,3.6264644,13217,1.582357,133.95
WENDT.NS,715.818,24.788,6.2347555,892,5.7023215,4540.65
WHEELS.NS,274.666,12.955,2.8618395,1893,0.64718926,796.75
WHIRLPOOL.NS,225.263,50.706,9.974563,28506,4.5879292,2261.7
WILLAMAGOR.NS,-89.888,-25.712,22222,22,1.1062608,20.95
WINDMACHIN.NS,40.597,8.929,0.7229598,191,0.6093083,29.65
WINSOME.NS,-50.419,-63.013,22222,1,0.030769017,0.15
WIPRO.NS,101.304,19.753,6.566868,363214,5.8636894,667.85
WOCKPHARMA.NS,304.96,353.371,1.4434681,4880,1.6434236,439.4
WONDERLA.NS,142.909,-42.835,1.5901728,1288,30.15109,231.4
WSI.NS,-41.19,-21.089,22222,21,22222,8.35
WSTCSTPAPR.NS,198.738,6.131,1.1952922,1575,0.63508713,236.95
XCHANGING.NS,49.882,14.658,2.2382824,1243,6.573089,115.3
XLENERGY.NS,-28.338,-0.335,22222,0,0.38872123,0.25
XPROINDIA.NS,76.053,11.151,5.9668913,544,1.4575548,432.2
YESBANK.NS,13.704,22222,0.96687096,33245,21.63161,14.7
ZEEL.NS,105.096,11.278,2.4306347,24536,2.9948456,247.15
ZEELEARN.NS,15.069,19.243,0.9987391,490,2.052263,15.25
ZEEMEDIA.NS,8.33,2.665,1.3505403,528,0.87378454,11.4
ZENITHEXPO.NS,144.572,-22.116,0.59935534,47,0.8470971,84.75
ZENSARTECH.NS,103.938,8.536,5.264196,12351,3.2662835,536.45
ZENTEC.NS,25.708,72.178,7.542399,1545,25.569376,204.1
ZICOM.NS,-203.492,-57.189,22222,6,0.2385766,1.6
ZODIACLOTH.NS,108.022,-13.147,1.0368258,277,2.7733483,120
ZODJRDMKJ.NS,131.338,39.149,0.24288477,17,1.9950091,31.8
ZUARI.NS,46.651,7.324,2.446893,481,0.20012033,116.8
ZUARIGLOB.NS,499.429,38.107,0.25949636,383,0.45968422,129.55
ZYDUSWELL.NS,717.781,41.332,3.3524153,15311,7.946417,2357.85
